# {'par': {'k': 1.5; 'D': 0.2; 'v': 1; 'tau': 0.8; 'R': 0.6; 'label': 'extended'}; 'guess_range': ([-150; 50; 20]; [0; 100; 8]); 'tols': (1e-09; 1e-07; 5)}
Sol_r,Sol_i,Guess,g(x),g*(x),ier,msg,infodict,cumul_err,cmplx_cnj,cluster_label,instances
0.6409081359945565,0.0,[-10. 100.],3.3322723483169894e-16,4.442552907812095e-16,1,The solution converged.,"{'nfev': 54, 'fjac': array([[-9.99999999e-01,  3.59801161e-05],
       [-3.59801161e-05, -9.99999999e-01]]), 'r': array([ 1.75685129e+00, -6.24016138e-05,  1.75686746e+00]), 'qtf': array([-4.49878611e-13, -2.63427187e-12]), 'fvec': array([-3.33066907e-16, -1.03356295e-17])}",3.084031534206772e-31,Real,1,20
-0.58833089799576,3.4218707752750097,[-0.5883309   3.42187078],4.577566798522237e-16,1.047382306668854e-15,1,The solution converged.,"{'nfev': 4, 'fjac': array([[-0.98594757, -0.16705503],
       [ 0.16705503, -0.98594757]]), 'r': array([1.61227355e+00, 7.40259408e-08, 1.61227357e+00]), 'qtf': array([5.12464303e-11, 3.51634665e-11]), 'fvec': array([ 4.44089210e-16, -1.11022302e-16])}",1.3065508742723006e-30,No,4,28
-0.58833089799576,-3.4218707752750097,[-0.5883309   3.42187078],4.577566798522237e-16,1.047382306668854e-15,1,The solution converged.,"{'nfev': 4, 'fjac': array([[-0.98594757, -0.16705503],
       [ 0.16705503, -0.98594757]]), 'r': array([1.61227355e+00, 7.40259408e-08, 1.61227357e+00]), 'qtf': array([5.12464303e-11, 3.51634665e-11]), 'fvec': array([ 4.44089210e-16, -1.11022302e-16])}",1.3065508742723006e-30,Yes,4,28
-2.470670435901706,8.418531957532583,[-2.47067044  8.41853196],3.155846784686366e-15,1.0841599276764049e-14,1,The solution converged.,"{'nfev': 4, 'fjac': array([[-0.92870127, -0.37082875],
       [ 0.37082875, -0.92870127]]), 'r': array([1.81950376e+00, 1.45355613e-07, 1.81950378e+00]), 'qtf': array([ 9.30317056e-11, -1.06775836e-09]), 'fvec': array([ 2.44249065e-15, -1.99840144e-15])}",1.27499643806346e-28,No,3,22
-2.470670435901706,-8.418531957532583,[-2.47067044  8.41853196],3.155846784686366e-15,1.0841599276764049e-14,1,The solution converged.,"{'nfev': 4, 'fjac': array([[-0.92870127, -0.37082875],
       [ 0.37082875, -0.92870127]]), 'r': array([1.81950376e+00, 1.45355613e-07, 1.81950378e+00]), 'qtf': array([ 9.30317056e-11, -1.06775836e-09]), 'fvec': array([ 2.44249065e-15, -1.99840144e-15])}",1.27499643806346e-28,Yes,3,22
-4.165234816102921,14.203125040829047,[ -4.16523482 -14.20312504],1.4043333874306805e-15,2.161031364628563e-14,1,The solution converged.,"{'nfev': 4, 'fjac': array([[-0.8862073 ,  0.46328892],
       [-0.46328892, -0.8862073 ]]), 'r': array([2.08012645e+00, 2.86380764e-07, 2.08012654e+00]), 'qtf': array([ 7.52681122e-14, -9.26945925e-14]), 'fvec': array([-1.33226763e-15, -4.44089210e-16])}",4.689778081538914e-28,No,2,16
-4.165234816102921,-14.203125040829047,[ -4.16523482 -14.20312504],1.4043333874306805e-15,2.161031364628563e-14,1,The solution converged.,"{'nfev': 4, 'fjac': array([[-0.8862073 ,  0.46328892],
       [-0.46328892, -0.8862073 ]]), 'r': array([2.08012645e+00, 2.86380764e-07, 2.08012654e+00]), 'qtf': array([ 7.52681122e-14, -9.26945925e-14]), 'fvec': array([-1.33226763e-15, -4.44089210e-16])}",4.689778081538914e-28,Yes,2,16
-5.659970767220179,-20.382358349701267,[ -5.65997077 -20.38235835],8.636935761597507e-15,2.0495186137532011e-13,1,The solution converged.,"{'nfev': 4, 'fjac': array([[-0.85823656,  0.51325433],
       [-0.51325433, -0.85823656]]), 'r': array([2.32482816e+00, 2.18317658e-07, 2.32482829e+00]), 'qtf': array([-6.10108675e-10,  3.47526574e-10]), 'fvec': array([-5.99520433e-15, -6.21724894e-15])}",4.207986214055839e-26,Yes,0,18
-5.659970767220179,20.382358349701267,[ -5.65997077 -20.38235835],8.636935761597507e-15,2.0495186137532011e-13,1,The solution converged.,"{'nfev': 4, 'fjac': array([[-0.85823656,  0.51325433],
       [-0.51325433, -0.85823656]]), 'r': array([2.32482816e+00, 2.18317658e-07, 2.32482829e+00]), 'qtf': array([-6.10108675e-10,  3.47526574e-10]), 'fvec': array([-5.99520433e-15, -6.21724894e-15])}",4.207986214055839e-26,No,0,18
-7.000478061316252,26.79862646994095,[ -7.00047806 -26.79862647],2.401779625492033e-15,2.8421709430404007e-13,1,The solution converged.,"{'nfev': 4, 'fjac': array([[-0.83885093,  0.5443612 ],
       [-0.5443612 , -0.83885093]]), 'r': array([2.54917961e+00, 4.12801083e-07, 2.54917987e+00]), 'qtf': array([-1.26085554e-09, -3.84251449e-11]), 'fvec': array([1.33226763e-15, 1.99840144e-15])}",8.078512524000104e-26,No,6,16
-7.000478061316252,-26.79862646994095,[ -7.00047806 -26.79862647],2.401779625492033e-15,2.8421709430404007e-13,1,The solution converged.,"{'nfev': 4, 'fjac': array([[-0.83885093,  0.5443612 ],
       [-0.5443612 , -0.83885093]]), 'r': array([2.54917961e+00, 4.12801083e-07, 2.54917987e+00]), 'qtf': array([-1.26085554e-09, -3.84251449e-11]), 'fvec': array([1.33226763e-15, 1.99840144e-15])}",8.078512524000104e-26,Yes,6,16
-8.222459065816462,33.37520681486999,[ -8.22245907 -33.37520682],8.005932084973442e-15,9.165725883006586e-13,1,The solution converged.,"{'nfev': 4, 'fjac': array([[-0.82465012,  0.56564316],
       [-0.56564316, -0.82465012]]), 'r': array([2.75592686e+00, 5.36896670e-07, 2.75592714e+00]), 'qtf': array([-1.40797565e-10, -1.32250949e-09]), 'fvec': array([6.66133815e-15, 4.44089210e-15])}",8.401694045727178e-25,No,5,14
-8.222459065816462,-33.37520681486999,[ -8.22245907 -33.37520682],8.005932084973442e-15,9.165725883006586e-13,1,The solution converged.,"{'nfev': 4, 'fjac': array([[-0.82465012,  0.56564316],
       [-0.56564316, -0.82465012]]), 'r': array([2.75592686e+00, 5.36896670e-07, 2.75592714e+00]), 'qtf': array([-1.40797565e-10, -1.32250949e-09]), 'fvec': array([6.66133815e-15, 4.44089210e-15])}",8.401694045727178e-25,Yes,5,14
-9.350878907016545,40.068869063433624,[ -9.35087891 -40.06886906],9.780050345373876e-15,1.6077746776921857e-12,1,The solution converged.,"{'nfev': 4, 'fjac': array([[-0.81377838,  0.58117532],
       [-0.58117532, -0.81377838]]), 'r': array([2.94807175e+00, 7.26571124e-07, 2.94807208e+00]), 'qtf': array([ 1.08286377e-10, -1.50008049e-10]), 'fvec': array([6.21724894e-15, 7.54951657e-15])}",2.58503506361297e-24,No,7,14
-9.350878907016545,-40.068869063433624,[ -9.35087891 -40.06886906],9.780050345373876e-15,1.6077746776921857e-12,1,The solution converged.,"{'nfev': 4, 'fjac': array([[-0.81377838,  0.58117532],
       [-0.58117532, -0.81377838]]), 'r': array([2.94807175e+00, 7.26571124e-07, 2.94807208e+00]), 'qtf': array([ 1.08286377e-10, -1.50008049e-10]), 'fvec': array([6.21724894e-15, 7.54951657e-15])}",2.58503506361297e-24,Yes,7,14
-10.403440774600439,-46.852656555298196,[-70.   37.5],5.197930934883577e-15,9.932482707964796e-12,1,The solution converged.,"{'nfev': 6, 'fjac': array([[-0.50667698, -0.86213597],
       [ 0.86213597, -0.50667698]]), 'r': array([3.48186691, 1.39050999, 3.19850875]), 'qtf': array([8.92363627e-15, 1.81220037e-14]), 'fvec': array([-1.77635684e-15,  4.88498131e-15])}",9.86542397625057e-23,Yes,9,8
-10.403440774600439,46.852656555298196,[-70.   37.5],5.197930934883577e-15,9.932482707964796e-12,1,The solution converged.,"{'nfev': 6, 'fjac': array([[-0.50667698, -0.86213597],
       [ 0.86213597, -0.50667698]]), 'r': array([3.48186691, 1.39050999, 3.19850875]), 'qtf': array([8.92363627e-15, 1.81220037e-14]), 'fvec': array([-1.77635684e-15,  4.88498131e-15])}",9.86542397625057e-23,No,9,8
-11.3930722650329,53.70850187842569,[-130.    37.5],9.111948763821684e-15,1.8727642129282687e-11,1,The solution converged.,"{'nfev': 5, 'fjac': array([[-0.79815081, -0.6024577 ],
       [ 0.6024577 , -0.79815081]]), 'r': array([3.29784442e+00, 1.16344031e-07, 3.29784409e+00]), 'qtf': array([-7.39627853e-14,  7.42176532e-15]), 'fvec': array([-6.21724894e-15,  6.66133815e-15])}",3.5072466275009406e-22,No,8,20
-11.3930722650329,-53.70850187842569,[-130.    37.5],9.111948763821684e-15,1.8727642129282687e-11,1,The solution converged.,"{'nfev': 5, 'fjac': array([[-0.79815081, -0.6024577 ],
       [ 0.6024577 , -0.79815081]]), 'r': array([3.29784442e+00, 1.16344031e-07, 3.29784409e+00]), 'qtf': array([-7.39627853e-14,  7.42176532e-15]), 'fvec': array([-6.21724894e-15,  6.66133815e-15])}",3.5072466275009406e-22,Yes,8,20
-12.3294942459392,60.62362725542962,[-12.32949425 -60.62362726],2.4693915844512027e-14,7.367608821541834e-11,1,The solution converged.,"{'nfev': 4, 'fjac': array([[-0.7923158 ,  0.61011119],
       [-0.61011119, -0.7923158 ]]), 'r': array([3.45888355e+00, 1.31409388e-06, 3.45888392e+00]), 'qtf': array([-2.81830331e-11,  1.03449416e-11]), 'fvec': array([1.50990331e-14, 1.95399252e-14])}",5.4281665845155856e-21,No,11,10
-12.3294942459392,-60.62362725542962,[-12.32949425 -60.62362726],2.4693915844512027e-14,7.367608821541834e-11,1,The solution converged.,"{'nfev': 4, 'fjac': array([[-0.7923158 ,  0.61011119],
       [-0.61011119, -0.7923158 ]]), 'r': array([3.45888355e+00, 1.31409388e-06, 3.45888392e+00]), 'qtf': array([-2.81830331e-11,  1.03449416e-11]), 'fvec': array([1.50990331e-14, 1.95399252e-14])}",5.4281665845155856e-21,Yes,11,10
-13.220208577179699,-67.58861494515973,[-13.22020858 -67.58861495],8.103867617357112e-15,3.007884749763527e-10,1,The solution converged.,"{'nfev': 4, 'fjac': array([[-0.78737415,  0.61647543],
       [-0.61647543, -0.78737415]]), 'r': array([3.61237035e+00, 1.74349690e-06, 3.61237083e+00]), 'qtf': array([-1.66185741e-14, -3.98732318e-15]), 'fvec': array([1.33226763e-15, 7.99360578e-15])}",9.047370674427263e-20,Yes,10,10
-13.220208577179699,67.58861494515973,[-13.22020858 -67.58861495],8.103867617357112e-15,3.007884749763527e-10,1,The solution converged.,"{'nfev': 4, 'fjac': array([[-0.78737415,  0.61647543],
       [-0.61647543, -0.78737415]]), 'r': array([3.61237035e+00, 1.74349690e-06, 3.61237083e+00]), 'qtf': array([-1.66185741e-14, -3.98732318e-15]), 'fvec': array([1.33226763e-15, 7.99360578e-15])}",9.047370674427263e-20,No,10,10
-14.071135588349732,74.5962932433817,[-14.07113559 -74.59629324],2.9938991358383714e-14,1.8044704938717448e-10,1,The solution converged.,"{'nfev': 4, 'fjac': array([[-0.78312686,  0.62186197],
       [-0.62186197, -0.78312686]]), 'r': array([3.75924954e+00, 1.84079538e-06, 3.75925021e+00]), 'qtf': array([-2.65057871e-10, -2.36772825e-10]), 'fvec': array([-1.59872116e-14, -2.53130850e-14])}",3.256113852888059e-20,No,12,12
-14.071135588349732,-74.5962932433817,[-14.07113559 -74.59629324],2.9938991358383714e-14,1.8044704938717448e-10,1,The solution converged.,"{'nfev': 4, 'fjac': array([[-0.78312686,  0.62186197],
       [-0.62186197, -0.78312686]]), 'r': array([3.75924954e+00, 1.84079538e-06, 3.75925021e+00]), 'qtf': array([-2.65057871e-10, -2.36772825e-10]), 'fvec': array([-1.59872116e-14, -2.53130850e-14])}",3.256113852888059e-20,Yes,12,12
-14.887038005146405,81.64105448539988,[-14.88703801 -81.64105449],3.5795353403832015e-14,8.620090794062642e-10,1,The solution converged.,"{'nfev': 4, 'fjac': array([[-0.77943088,  0.62648824],
       [-0.62648824, -0.77943088]]), 'r': array([3.90028975e+00, 2.12146697e-06, 3.90029034e+00]), 'qtf': array([ 2.16149843e-12, -7.72434927e-13]), 'fvec': array([2.17603713e-14, 2.84217094e-14])}",7.430596542601424e-19,No,14,8
-14.887038005146405,-81.64105448539988,[-14.88703801 -81.64105449],3.5795353403832015e-14,8.620090794062642e-10,1,The solution converged.,"{'nfev': 4, 'fjac': array([[-0.77943088,  0.62648824],
       [-0.62648824, -0.77943088]]), 'r': array([3.90028975e+00, 2.12146697e-06, 3.90029034e+00]), 'qtf': array([ 2.16149843e-12, -7.72434927e-13]), 'fvec': array([2.17603713e-14, 2.84217094e-14])}",7.430596542601424e-19,Yes,14,8
-15.67181111517509,88.71841720586208,[-15.67181112 -88.71841721],1.7342238036525468e-14,1.3273388905207835e-09,1,The solution converged.,"{'nfev': 4, 'fjac': array([[-0.77618038,  0.63051092],
       [-0.63051092, -0.77618038]]), 'r': array([4.03612410e+00, 2.37640904e-06, 4.03612479e+00]), 'qtf': array([-3.09002856e-10, -1.54670890e-11]), 'fvec': array([-1.33226763e-14, -1.11022302e-14])}",1.761828530589698e-18,No,13,16
-15.67181111517509,-88.71841720586208,[-15.67181112 -88.71841721],1.7342238036525468e-14,1.3273388905207835e-09,1,The solution converged.,"{'nfev': 4, 'fjac': array([[-0.77618038,  0.63051092],
       [-0.63051092, -0.77618038]]), 'r': array([4.03612410e+00, 2.37640904e-06, 4.03612479e+00]), 'qtf': array([-3.09002856e-10, -1.54670890e-11]), 'fvec': array([-1.33226763e-14, -1.11022302e-14])}",1.761828530589698e-18,Yes,13,16
-16.42868667940039,-95.82473379361463,[-16.42868668 -95.82473379],9.780050345373876e-15,1.1597794274084314e-09,1,The solution converged.,"{'nfev': 4, 'fjac': array([[-0.77329546,  0.63404584],
       [-0.63404584, -0.77329546]]), 'r': array([4.16728113e+00, 2.47994226e-06, 4.16728187e+00]), 'qtf': array([ 3.14963863e-11, -1.14151143e-11]), 'fvec': array([6.21724894e-15, 7.54951657e-15])}",1.3450883203354783e-18,Yes,16,8
-16.42868667940039,95.82473379361463,[-16.42868668 -95.82473379],9.780050345373876e-15,1.1597794274084314e-09,1,The solution converged.,"{'nfev': 4, 'fjac': array([[-0.77329546,  0.63404584],
       [-0.63404584, -0.77329546]]), 'r': array([4.16728113e+00, 2.47994226e-06, 4.16728187e+00]), 'qtf': array([ 3.14963863e-11, -1.14151143e-11]), 'fvec': array([6.21724894e-15, 7.54951657e-15])}",1.3450883203354783e-18,No,16,8
-17.160379651960326,-102.9569887559343,[ -17.16037965 -102.95698876],3.3820826609804605e-15,9.385703304198744e-10,1,The solution converged.,"{'nfev': 4, 'fjac': array([[-0.77071463,  0.63718047],
       [-0.63718047, -0.77071463]]), 'r': array([4.29420698e+00, 2.86918439e-06, 4.29420769e+00]), 'qtf': array([-4.21949581e-12,  1.52628224e-12]), 'fvec': array([ 3.10862447e-15, -1.33226763e-15])}",8.809142651559106e-19,Yes,15,14
-17.160379651960326,102.9569887559343,[ -17.16037965 -102.95698876],3.3820826609804605e-15,9.385703304198744e-10,1,The solution converged.,"{'nfev': 4, 'fjac': array([[-0.77071463,  0.63718047],
       [-0.63718047, -0.77071463]]), 'r': array([4.29420698e+00, 2.86918439e-06, 4.29420769e+00]), 'qtf': array([-4.21949581e-12,  1.52628224e-12]), 'fvec': array([ 3.10862447e-15, -1.33226763e-15])}",8.809142651559106e-19,No,15,14
-17.869195992758506,-110.11265555238039,[ -17.86919599 -110.11265555],1.7763568394002505e-14,1.1171170851118095e-08,1,The solution converged.,"{'nfev': 4, 'fjac': array([[-0.76838964,  0.63998231],
       [-0.63998231, -0.76838964]]), 'r': array([4.41728185e+00, 3.25095845e-06, 4.41728270e+00]), 'qtf': array([9.82759849e-11, 3.56539958e-10]), 'fvec': array([-1.77635684e-14,  0.00000000e+00])}",1.2479505818518615e-16,Yes,17,10
-17.869195992758506,110.11265555238039,[ -17.86919599 -110.11265555],1.7763568394002505e-14,1.1171170851118095e-08,1,The solution converged.,"{'nfev': 4, 'fjac': array([[-0.76838964,  0.63998231],
       [-0.63998231, -0.76838964]]), 'r': array([4.41728185e+00, 3.25095845e-06, 4.41728270e+00]), 'qtf': array([9.82759849e-11, 3.56539958e-10]), 'fvec': array([-1.77635684e-14,  0.00000000e+00])}",1.2479505818518615e-16,No,17,10
-18.557113388592658,-117.28959251330626,[ -18.55711339 -117.28959251],1.6146780768176188e-14,1.2142960736905502e-08,1,The solution converged.,"{'nfev': 4, 'fjac': array([[-0.76628213,  0.64250424],
       [-0.64250424, -0.76628213]]), 'r': array([4.53683292e+00, 3.34001603e-06, 4.53683381e+00]), 'qtf': array([-1.09730656e-14, -5.67226545e-14]), 'fvec': array([-1.37667655e-14, -8.43769499e-15])}",1.4745149545828935e-16,Yes,15,144
-18.557113388592658,117.28959251330626,[ -18.55711339 -117.28959251],1.6146780768176188e-14,1.2142960736905502e-08,1,The solution converged.,"{'nfev': 4, 'fjac': array([[-0.76628213,  0.64250424],
       [-0.64250424, -0.76628213]]), 'r': array([4.53683292e+00, 3.34001603e-06, 4.53683381e+00]), 'qtf': array([-1.09730656e-14, -5.67226545e-14]), 'fvec': array([-1.37667655e-14, -8.43769499e-15])}",1.4745149545828935e-16,No,15,144
-19.225842710359018,124.4859655689061,[ -19.22584271 -124.48596557],1.7613050586941572e-14,3.839941346661803e-09,1,The solution converged.,"{'nfev': 4, 'fjac': array([[-0.76436126,  0.64478824],
       [-0.64478824, -0.76436126]]), 'r': array([4.65314380e+00, 3.49679919e-06, 4.65314474e+00]), 'qtf': array([-1.56974202e-10,  1.39465149e-10]), 'fvec': array([-1.46549439e-14, -9.76996262e-15])}",1.474514954611308e-17,No,19,164
-19.225842710359018,-124.4859655689061,[ -19.22584271 -124.48596557],1.7613050586941572e-14,3.839941346661803e-09,1,The solution converged.,"{'nfev': 4, 'fjac': array([[-0.76436126,  0.64478824],
       [-0.64478824, -0.76436126]]), 'r': array([4.65314380e+00, 3.49679919e-06, 4.65314474e+00]), 'qtf': array([-1.56974202e-10,  1.39465149e-10]), 'fvec': array([-1.46549439e-14, -9.76996262e-15])}",1.474514954611308e-17,Yes,19,164
-19.876875510871763,-131.7001898170789,[ -19.87687551 -131.70018982],4.654258314422287e-14,8.71971742966191e-08,1,The solution converged.,"{'nfev': 4, 'fjac': array([[-0.76260189,  0.64686811],
       [-0.64686811, -0.76260189]]), 'r': array([4.76646260e+00, 4.06669026e-06, 4.76646356e+00]), 'qtf': array([1.43462358e-11, 2.51783736e-11]), 'fvec': array([3.46389584e-14, 3.10862447e-14])}",7.603347205317136e-15,Yes,20,144
-19.876875510871763,131.7001898170789,[ -19.87687551 -131.70018982],4.654258314422287e-14,8.71971742966191e-08,1,The solution converged.,"{'nfev': 4, 'fjac': array([[-0.76260189,  0.64686811],
       [-0.64686811, -0.76260189]]), 'r': array([4.76646260e+00, 4.06669026e-06, 4.76646356e+00]), 'qtf': array([1.43462358e-11, 2.51783736e-11]), 'fvec': array([3.46389584e-14, 3.10862447e-14])}",7.603347205317136e-15,No,20,144
-20.51152123309306,138.93088461214828,[ -20.51152123 -138.93088461],2.9474278140009456e-14,1.4917741153260592e-07,1,The solution converged.,"{'nfev': 4, 'fjac': array([[-0.76098317,  0.64877161],
       [-0.64877161, -0.76098317]]), 'r': array([4.87700721e+00, 4.13748973e-06, 4.87700834e+00]), 'qtf': array([-2.48511527e-13, -2.90447268e-12]), 'fvec': array([2.53130850e-14, 1.50990331e-14])}",2.2253900111569334e-14,No,18,158
-20.51152123309306,-138.93088461214828,[ -20.51152123 -138.93088461],2.9474278140009456e-14,1.4917741153260592e-07,1,The solution converged.,"{'nfev': 4, 'fjac': array([[-0.76098317,  0.64877161],
       [-0.64877161, -0.76098317]]), 'r': array([4.87700721e+00, 4.13748973e-06, 4.87700834e+00]), 'qtf': array([-2.48511527e-13, -2.90447268e-12]), 'fvec': array([2.53130850e-14, 1.50990331e-14])}",2.2253900111569334e-14,Yes,18,158
-21.130936715766605,146.176838541844,[ -21.13093672 -146.17683854],1.5813567179958505e-14,1.1996360263306362e-07,1,The solution converged.,"{'nfev': 4, 'fjac': array([[-0.75948795,  0.65052137],
       [-0.65052137, -0.75948795]]), 'r': array([4.98497086e+00, 4.48064527e-06, 4.98497189e+00]), 'qtf': array([-2.11341234e-13,  3.30027594e-13]), 'fvec': array([1.24344979e-14, 9.76996262e-15])}",1.4391265956703838e-14,No,21,140
-21.130936715766605,-146.176838541844,[ -21.13093672 -146.17683854],1.5813567179958505e-14,1.1996360263306362e-07,1,The solution converged.,"{'nfev': 4, 'fjac': array([[-0.75948795,  0.65052137],
       [-0.65052137, -0.75948795]]), 'r': array([4.98497086e+00, 4.48064527e-06, 4.98497189e+00]), 'qtf': array([-2.11341234e-13,  3.30027594e-13]), 'fvec': array([1.24344979e-14, 9.76996262e-15])}",1.4391265956703838e-14,Yes,21,140
-21.736149851598086,153.43698175837554,[ -21.73614985 -153.43698176],1.1682163181672949e-14,1.284550104257961e-07,1,The solution converged.,"{'nfev': 4, 'fjac': array([[-0.75810177,  0.65213626],
       [-0.65213626, -0.75810177]]), 'r': array([5.09052509e+00, 5.42964165e-06, 5.09052618e+00]), 'qtf': array([ 1.57056588e-11, -1.13552949e-11]), 'fvec': array([-1.77635684e-15,  1.15463195e-14])}",1.6500689703491522e-14,No,22,142
-21.736149851598086,-153.43698175837554,[ -21.73614985 -153.43698176],1.1682163181672949e-14,1.284550104257961e-07,1,The solution converged.,"{'nfev': 4, 'fjac': array([[-0.75810177,  0.65213626],
       [-0.65213626, -0.75810177]]), 'r': array([5.09052509e+00, 5.42964165e-06, 5.09052618e+00]), 'qtf': array([ 1.57056588e-11, -1.13552949e-11]), 'fvec': array([-1.77635684e-15,  1.15463195e-14])}",1.6500689703491522e-14,Yes,22,142
-22.32807874923823,160.71036386204392,[ -22.32807875 -160.71036386],2.150052302758035e-14,5.168496275635888e-07,1,The solution converged.,"{'nfev': 4, 'fjac': array([[-0.75681216,  0.65363243],
       [-0.65363243, -0.75681216]]), 'r': array([5.19382346e+00, 4.98957458e-06, 5.19382457e+00]), 'qtf': array([-5.60220751e-10,  7.28548935e-10]), 'fvec': array([-1.68753900e-14, -1.33226763e-14])}",2.6713353751262093e-13,No,23,148
-22.32807874923823,-160.71036386204392,[ -22.32807875 -160.71036386],2.150052302758035e-14,5.168496275635888e-07,1,The solution converged.,"{'nfev': 4, 'fjac': array([[-0.75681216,  0.65363243],
       [-0.65363243, -0.75681216]]), 'r': array([5.19382346e+00, 4.98957458e-06, 5.19382457e+00]), 'qtf': array([-5.60220751e-10,  7.28548935e-10]), 'fvec': array([-1.68753900e-14, -1.33226763e-14])}",2.6713353751262093e-13,Yes,23,148
-22.907547397452745,-167.99613603471204,[ -22.9075474  -167.99613603],5.664879665481939e-14,1.042655449183935e-06,1,The solution converged.,"{'nfev': 4, 'fjac': array([[-0.75560898,  0.65502296],
       [-0.65502296, -0.75560898]]), 'r': array([5.29500408e+00, 5.66042447e-06, 5.29500522e+00]), 'qtf': array([ 1.68101043e-11, -1.21171806e-10]), 'fvec': array([3.73034936e-14, 4.26325641e-14])}",1.0871303857129563e-12,Yes,24,140
-22.907547397452745,167.99613603471204,[ -22.9075474  -167.99613603],5.664879665481939e-14,1.042655449183935e-06,1,The solution converged.,"{'nfev': 4, 'fjac': array([[-0.75560898,  0.65502296],
       [-0.65502296, -0.75560898]]), 'r': array([5.29500408e+00, 5.66042447e-06, 5.29500522e+00]), 'qtf': array([ 1.68101043e-11, -1.21171806e-10]), 'fvec': array([3.73034936e-14, 4.26325641e-14])}",1.0871303857129563e-12,No,24,140
-23.47529857886452,-175.29353646657725,[ -23.47529858 -175.29353647],2.4501492788668817e-14,5.870376707193913e-07,1,The solution converged.,"{'nfev': 4, 'fjac': array([[-0.75448308,  0.65631949],
       [-0.65631949, -0.75448308]]), 'r': array([5.39419148e+00, 5.78626035e-06, 5.39419272e+00]), 'qtf': array([3.23922816e-11, 1.44281059e-11]), 'fvec': array([1.77635684e-14, 1.68753900e-14])}",3.4461322684364915e-13,Yes,25,140
-23.47529857886452,175.29353646657725,[ -23.47529858 -175.29353647],2.4501492788668817e-14,5.870376707193913e-07,1,The solution converged.,"{'nfev': 4, 'fjac': array([[-0.75448308,  0.65631949],
       [-0.65631949, -0.75448308]]), 'r': array([5.39419148e+00, 5.78626035e-06, 5.39419272e+00]), 'qtf': array([3.23922816e-11, 1.44281059e-11]), 'fvec': array([1.77635684e-14, 1.68753900e-14])}",3.4461322684364915e-13,No,25,140
-24.032004599536936,182.60187836395278,[ -24.0320046  -182.60187836],9.272854936269104e-15,5.175338681582289e-07,1,The solution converged.,"{'nfev': 4, 'fjac': array([[-0.7534269 ,  0.65753168],
       [-0.65753168, -0.7534269 ]]), 'r': array([5.49149861e+00, 6.52471385e-06, 5.49149990e+00]), 'qtf': array([ 1.41135018e-14, -5.36561903e-15]), 'fvec': array([ 8.88178420e-15, -2.66453526e-15])}",2.678413046908191e-13,No,27,142
-24.032004599536936,-182.60187836395278,[ -24.0320046  -182.60187836],9.272854936269104e-15,5.175338681582289e-07,1,The solution converged.,"{'nfev': 4, 'fjac': array([[-0.7534269 ,  0.65753168],
       [-0.65753168, -0.7534269 ]]), 'r': array([5.49149861e+00, 6.52471385e-06, 5.49149990e+00]), 'qtf': array([ 1.41135018e-14, -5.36561903e-15]), 'fvec': array([ 8.88178420e-15, -2.66453526e-15])}",2.678413046908191e-13,Yes,27,142
-24.57827626823431,189.9205400008251,[-71. 184.],7.177229069141661e-14,1.445643047766078e-06,1,The solution converged.,"{'nfev': 4, 'fjac': array([[-0.7524336, -0.6586681],
       [ 0.6586681, -0.7524336]]), 'r': array([5.58702808e+00, 6.53318027e-06, 5.58702840e+00]), 'qtf': array([-6.27897100e-08, -1.38345227e-08]), 'fvec': array([-5.41788836e-14,  4.70734562e-14])}",2.0898838215544e-12,No,28,130
-24.57827626823431,-189.9205400008251,[-71. 184.],7.177229069141661e-14,1.445643047766078e-06,1,The solution converged.,"{'nfev': 4, 'fjac': array([[-0.7524336, -0.6586681],
       [ 0.6586681, -0.7524336]]), 'r': array([5.58702808e+00, 6.53318027e-06, 5.58702840e+00]), 'qtf': array([-6.27897100e-08, -1.38345227e-08]), 'fvec': array([-5.41788836e-14,  4.70734562e-14])}",2.0898838215544e-12,Yes,28,130
-25.11467046116802,197.24895640421556,[-73. 192.],1.1367642890426052e-13,4.2998048774889545e-06,1,The solution converged.,"{'nfev': 4, 'fjac': array([[-0.75149737, -0.65973608],
       [ 0.65973608, -0.75149737]]), 'r': array([5.68087325e+00, 7.11626209e-06, 5.68087377e+00]), 'qtf': array([7.90587694e-10, 2.49334703e-08]), 'fvec': array([ 8.08242362e-14, -7.99360578e-14])}",1.8488321984477817e-11,No,30,134
-25.11467046116802,-197.24895640421556,[-73. 192.],1.1367642890426052e-13,4.2998048774889545e-06,1,The solution converged.,"{'nfev': 4, 'fjac': array([[-0.75149737, -0.65973608],
       [ 0.65973608, -0.75149737]]), 'r': array([5.68087325e+00, 7.11626209e-06, 5.68087377e+00]), 'qtf': array([7.90587694e-10, 2.49334703e-08]), 'fvec': array([ 8.08242362e-14, -7.99360578e-14])}",1.8488321984477817e-11,Yes,30,134
-25.64169653464741,-204.5866123570931,[-71. 200.],6.43668973480993e-14,2.6144638299299847e-06,1,The solution converged.,"{'nfev': 4, 'fjac': array([[-0.75061315, -0.66074193],
       [ 0.66074193, -0.75061315]]), 'r': array([5.77312041e+00, 7.36717632e-06, 5.77312080e+00]), 'qtf': array([4.51815222e-09, 1.19954929e-08]), 'fvec': array([-4.08562073e-14,  4.97379915e-14])}",6.835421118012168e-12,Yes,29,142
-25.64169653464741,204.5866123570931,[-71. 200.],6.43668973480993e-14,2.6144638299299847e-06,1,The solution converged.,"{'nfev': 4, 'fjac': array([[-0.75061315, -0.66074193],
       [ 0.66074193, -0.75061315]]), 'r': array([5.77312041e+00, 7.36717632e-06, 5.77312080e+00]), 'qtf': array([4.51815222e-09, 1.19954929e-08]), 'fvec': array([-4.08562073e-14,  4.97379915e-14])}",6.835421118012168e-12,No,29,142
-26.159821792528785,-211.93303647243803,[ -26.15982179 -211.93303647],2.6227594425580137e-14,5.646498094569359e-06,1,The solution converged.,"{'nfev': 4, 'fjac': array([[-0.74977634,  0.66169135],
       [-0.66169135, -0.74977634]]), 'r': array([5.86384796e+00, 7.82668351e-06, 5.86384933e+00]), 'qtf': array([ 1.01866877e-09, -8.80553483e-10]), 'fvec': array([-2.30926389e-14, -1.24344979e-14])}",3.18829407319754e-11,Yes,31,122
-26.159821792528785,211.93303647243803,[ -26.15982179 -211.93303647],2.6227594425580137e-14,5.646498094569359e-06,1,The solution converged.,"{'nfev': 4, 'fjac': array([[-0.74977634,  0.66169135],
       [-0.66169135, -0.74977634]]), 'r': array([5.86384796e+00, 7.82668351e-06, 5.86384933e+00]), 'qtf': array([ 1.01866877e-09, -8.80553483e-10]), 'fvec': array([-2.30926389e-14, -1.24344979e-14])}",3.18829407319754e-11,No,31,122
-26.669476172930946,219.28779614470096,[ -26.66947617 -219.28779614],2.0734733982992197e-14,2.5909858678621594e-05,1,The solution converged.,"{'nfev': 4, 'fjac': array([[-0.748983  ,  0.66258922],
       [-0.66258922, -0.748983  ]]), 'r': array([5.95312831e+00, 7.95610337e-06, 5.95312983e+00]), 'qtf': array([-4.44233468e-11,  4.86564168e-10]), 'fvec': array([-1.42108547e-14, -1.50990331e-14])}",6.713207767461428e-10,No,32,126
-26.669476172930946,-219.28779614470096,[ -26.66947617 -219.28779614],2.0734733982992197e-14,2.5909858678621594e-05,1,The solution converged.,"{'nfev': 4, 'fjac': array([[-0.748983  ,  0.66258922],
       [-0.66258922, -0.748983  ]]), 'r': array([5.95312831e+00, 7.95610337e-06, 5.95312983e+00]), 'qtf': array([-4.44233468e-11,  4.86564168e-10]), 'fvec': array([-1.42108547e-14, -1.50990331e-14])}",6.713207767461428e-10,Yes,32,126
-27.171056285971552,-226.65049322498564,[ -27.17105629 -226.65049323],2.220446049250313e-14,1.3861123899220117e-05,1,The solution converged.,"{'nfev': 4, 'fjac': array([[-0.74822966,  0.66343981],
       [-0.66343981, -0.74822966]]), 'r': array([6.04102860e+00, 8.75878559e-06, 6.04103018e+00]), 'qtf': array([ 5.10649749e-10, -7.40526807e-09]), 'fvec': array([1.77635684e-14, 1.33226763e-14])}",1.9213075574953112e-10,Yes,33,130
-27.171056285971552,226.65049322498564,[ -27.17105629 -226.65049323],2.220446049250313e-14,1.3861123899220117e-05,1,The solution converged.,"{'nfev': 4, 'fjac': array([[-0.74822966,  0.66343981],
       [-0.66343981, -0.74822966]]), 'r': array([6.04102860e+00, 8.75878559e-06, 6.04103018e+00]), 'qtf': array([ 5.10649749e-10, -7.40526807e-09]), 'fvec': array([1.77635684e-14, 1.33226763e-14])}",1.9213075574953112e-10,No,33,130
-27.664928908836107,234.02076029710062,[ -27.66492891 -234.0207603 ],1.6462237860619873e-13,4.539980581338315e-05,1,The solution converged.,"{'nfev': 4, 'fjac': array([[-0.74751306,  0.66424711],
       [-0.66424711, -0.74751306]]), 'r': array([6.12761065e+00, 9.31655577e-06, 6.12761233e+00]), 'qtf': array([-2.63666852e-11,  6.52927407e-11]), 'fvec': array([-1.19904087e-13, -1.12798659e-13])}",2.0611423678928986e-09,No,34,120
-27.664928908836107,-234.02076029710062,[ -27.66492891 -234.0207603 ],1.6462237860619873e-13,4.539980581338315e-05,1,The solution converged.,"{'nfev': 4, 'fjac': array([[-0.74751306,  0.66424711],
       [-0.66424711, -0.74751306]]), 'r': array([6.12761065e+00, 9.31655577e-06, 6.12761233e+00]), 'qtf': array([-2.63666852e-11,  6.52927407e-11]), 'fvec': array([-1.19904087e-13, -1.12798659e-13])}",2.0611423678928986e-09,Yes,34,120
-28.151434024544,-241.39825745552506,[-73. 238.],6.300434965200523e-14,2.9490749542362646e-05,1,The solution converged.,"{'nfev': 4, 'fjac': array([[-0.74683037, -0.66501458],
       [ 0.66501458, -0.74683037]]), 'r': array([6.21293192e+00, 9.40939646e-06, 6.21293250e+00]), 'qtf': array([1.00307998e-08, 6.99397477e-09]), 'fvec': array([ 2.30926389e-14, -5.86197757e-14])}",8.697043085703626e-10,Yes,35,120
-28.151434024544,241.39825745552506,[-73. 238.],6.300434965200523e-14,2.9490749542362646e-05,1,The solution converged.,"{'nfev': 4, 'fjac': array([[-0.74683037, -0.66501458],
       [ 0.66501458, -0.74683037]]), 'r': array([6.21293192e+00, 9.40939646e-06, 6.21293250e+00]), 'qtf': array([1.00307998e-08, 6.99397477e-09]), 'fvec': array([ 2.30926389e-14, -5.86197757e-14])}",8.697043085703626e-10,No,35,120
-28.630887475018753,248.7826695050285,[ -28.63088748 -248.78266951],3.835655860784681e-14,9.59947931836061e-05,1,The solution converged.,"{'nfev': 4, 'fjac': array([[-0.74617908,  0.66574528],
       [-0.66574528, -0.74617908]]), 'r': array([6.29704587e+00, 9.59823573e-06, 6.29704752e+00]), 'qtf': array([-2.89838379e-13, -1.93447797e-14]), 'fvec': array([2.57571742e-14, 2.84217094e-14])}",9.215000318363309e-09,No,37,126
-28.630887475018753,-248.7826695050285,[ -28.63088748 -248.78266951],3.835655860784681e-14,9.59947931836061e-05,1,The solution converged.,"{'nfev': 4, 'fjac': array([[-0.74617908,  0.66574528],
       [-0.66574528, -0.74617908]]), 'r': array([6.29704587e+00, 9.59823573e-06, 6.29704752e+00]), 'qtf': array([-2.89838379e-13, -1.93447797e-14]), 'fvec': array([2.57571742e-14, 2.84217094e-14])}",9.215000318363309e-09,Yes,37,126
-29.103583286533727,-256.1737035164199,[-69. 252.],1.1546319456101628e-14,0.00010266072571409522,1,The solution converged.,"{'nfev': 4, 'fjac': array([[-0.74555702, -0.66644185],
       [ 0.66644185, -0.74555702]]), 'r': array([6.38000211e+00, 1.01615226e-05, 6.38000263e+00]), 'qtf': array([-2.17131660e-08,  2.61475924e-09]), 'fvec': array([ 0.00000000e+00, -1.15463195e-14])}",1.053922460414469e-08,Yes,36,118
-29.103583286533727,256.1737035164199,[-69. 252.],1.1546319456101628e-14,0.00010266072571409522,1,The solution converged.,"{'nfev': 4, 'fjac': array([[-0.74555702, -0.66644185],
       [ 0.66644185, -0.74555702]]), 'r': array([6.38000211e+00, 1.01615226e-05, 6.38000263e+00]), 'qtf': array([-2.17131660e-08,  2.61475924e-09]), 'fvec': array([ 0.00000000e+00, -1.15463195e-14])}",1.053922460414469e-08,No,36,118
-29.569795715564357,263.5710866846012,[ -29.56979572 -263.57108668],6.764165321960921e-15,9.469750661702278e-05,1,The solution converged.,"{'nfev': 4, 'fjac': array([[-0.74496197,  0.66710694],
       [-0.66710694, -0.74496197]]), 'r': array([6.46184724e+00, 1.07111239e-05, 6.46184901e+00]), 'qtf': array([-4.18704472e-09,  1.32291642e-10]), 'fvec': array([ 6.21724894e-15, -2.66453526e-15])}",8.967617759481072e-09,No,38,108
-29.569795715564357,-263.5710866846012,[ -29.56979572 -263.57108668],6.764165321960921e-15,9.469750661702278e-05,1,The solution converged.,"{'nfev': 4, 'fjac': array([[-0.74496197,  0.66710694],
       [-0.66710694, -0.74496197]]), 'r': array([6.46184724e+00, 1.07111239e-05, 6.46184901e+00]), 'qtf': array([-4.18704472e-09,  1.32291642e-10]), 'fvec': array([ 6.21724894e-15, -2.66453526e-15])}",8.967617759481072e-09,Yes,38,108
-30.029781054985904,270.9745644444557,[ -30.02978105 -270.97456444],1.4906851726360828e-13,0.0006556954802313144,1,The solution converged.,"{'nfev': 4, 'fjac': array([[-0.74439216,  0.6677427 ],
       [-0.6677427 , -0.74439216]]), 'r': array([6.54262451e+00, 1.11931928e-05, 6.54262631e+00]), 'qtf': array([-6.46409889e-14, -2.87071543e-13]), 'fvec': array([-1.11022302e-13, -9.94759830e-14])}",4.299365627957741e-07,No,39,128
-30.029781054985904,-270.9745644444557,[ -30.02978105 -270.97456444],1.4906851726360828e-13,0.0006556954802313144,1,The solution converged.,"{'nfev': 4, 'fjac': array([[-0.74439216,  0.6677427 ],
       [-0.6677427 , -0.74439216]]), 'r': array([6.54262451e+00, 1.11931928e-05, 6.54262631e+00]), 'qtf': array([-6.46409889e-14, -2.87071543e-13]), 'fvec': array([-1.11022302e-13, -9.94759830e-14])}",4.299365627957741e-07,Yes,39,128
-30.483779233994664,278.38389880763043,[ -30.48377923 -278.38389881],1.6592542177801844e-14,0.00025361282560111483,1,The solution converged.,"{'nfev': 4, 'fjac': array([[-0.74384585,  0.66835122],
       [-0.66835122, -0.74384585]]), 'r': array([6.62237452e+00, 1.13870414e-05, 6.62237647e+00]), 'qtf': array([-2.17511392e-09,  9.69878354e-10]), 'fvec': array([1.59872116e-14, 4.44089210e-15])}",6.431946530938148e-08,No,40,120
-30.483779233994664,-278.38389880763043,[ -30.48377923 -278.38389881],1.6592542177801844e-14,0.00025361282560111483,1,The solution converged.,"{'nfev': 4, 'fjac': array([[-0.74384585,  0.66835122],
       [-0.66835122, -0.74384585]]), 'r': array([6.62237452e+00, 1.13870414e-05, 6.62237647e+00]), 'qtf': array([-2.17511392e-09,  9.69878354e-10]), 'fvec': array([1.59872116e-14, 4.44089210e-15])}",6.431946530938148e-08,Yes,40,120
-30.932015239780803,285.7988668893652,[ -30.93201524 -285.79886689],2.745103604078308e-13,0.00119781494140625,1,The solution converged.,"{'nfev': 4, 'fjac': array([[-0.74332156,  0.66893427],
       [-0.66893427, -0.74332156]]), 'r': array([6.70113554e+00, 1.19239505e-05, 6.70113759e+00]), 'qtf': array([ 1.33546260e-10, -6.57025333e-10]), 'fvec': array([1.90070182e-13, 1.98063788e-13])}",1.4347606338560581e-06,No,41,110
-30.932015239780803,-285.7988668893652,[ -30.93201524 -285.79886689],2.745103604078308e-13,0.00119781494140625,1,The solution converged.,"{'nfev': 4, 'fjac': array([[-0.74332156,  0.66893427],
       [-0.66893427, -0.74332156]]), 'r': array([6.70113554e+00, 1.19239505e-05, 6.70113759e+00]), 'qtf': array([ 1.33546260e-10, -6.57025333e-10]), 'fvec': array([1.90070182e-13, 1.98063788e-13])}",1.4347606338560581e-06,Yes,41,110
-31.37470038459555,293.219259599487,[ -31.37470038 -293.2192596 ],3.069167325064585e-13,0.0024055228094386513,1,The solution converged.,"{'nfev': 4, 'fjac': array([[-0.74281787,  0.66949355],
       [-0.66949355, -0.74281787]]), 'r': array([6.77894361e+00, 1.25421848e-05, 6.77894562e+00]), 'qtf': array([ 6.79721529e-09, -3.50581168e-09]), 'fvec': array([2.28261854e-13, 2.05169215e-13])}",5.786539986729622e-06,No,42,112
-31.37470038459555,-293.219259599487,[ -31.37470038 -293.2192596 ],3.069167325064585e-13,0.0024055228094386513,1,The solution converged.,"{'nfev': 4, 'fjac': array([[-0.74281787,  0.66949355],
       [-0.66949355, -0.74281787]]), 'r': array([6.77894361e+00, 1.25421848e-05, 6.77894562e+00]), 'qtf': array([ 6.79721529e-09, -3.50581168e-09]), 'fvec': array([2.28261854e-13, 2.05169215e-13])}",5.786539986729622e-06,Yes,42,112
-31.81203343824187,300.64488047575185,[ -31.81203344 -300.64488048],5.213085284633646e-14,0.0014137249538452722,1,The solution converged.,"{'nfev': 4, 'fjac': array([[-0.74233338,  0.67003071],
       [-0.67003071, -0.74233338]]), 'r': array([6.85583200e+00, 1.21409250e-05, 6.85583417e+00]), 'qtf': array([-1.42913202e-09, -1.24151226e-09]), 'fvec': array([-3.73034936e-14, -3.64153152e-14])}",1.998618245124817e-06,No,43,120
-31.81203343824187,-300.64488047575185,[ -31.81203344 -300.64488048],5.213085284633646e-14,0.0014137249538452722,1,The solution converged.,"{'nfev': 4, 'fjac': array([[-0.74233338,  0.67003071],
       [-0.67003071, -0.74233338]]), 'r': array([6.85583200e+00, 1.21409250e-05, 6.85583417e+00]), 'qtf': array([-1.42913202e-09, -1.24151226e-09]), 'fvec': array([-3.73034936e-14, -3.64153152e-14])}",1.998618245124817e-06,Yes,43,120
-32.244201643026194,308.0755446410612,[ -32.24420164 -308.07554464],8.371994471384158e-14,0.0006365402796513718,1,The solution converged.,"{'nfev': 4, 'fjac': array([[-0.7418672 ,  0.67054683],
       [-0.67054683, -0.7418672 ]]), 'r': array([6.93183301e+00, 1.35852932e-05, 6.93183509e+00]), 'qtf': array([1.15829118e-13, 7.71576702e-14]), 'fvec': array([-5.50670620e-14, -6.30606678e-14])}",4.051835276186467e-07,No,44,112
-32.244201643026194,-308.0755446410612,[ -32.24420164 -308.07554464],8.371994471384158e-14,0.0006365402796513718,1,The solution converged.,"{'nfev': 4, 'fjac': array([[-0.7418672 ,  0.67054683],
       [-0.67054683, -0.7418672 ]]), 'r': array([6.93183301e+00, 1.35852932e-05, 6.93183509e+00]), 'qtf': array([1.15829118e-13, 7.71576702e-14]), 'fvec': array([-5.50670620e-14, -6.30606678e-14])}",4.051835276186467e-07,Yes,44,112
-32.671381625720656,315.5110778688484,[ -32.67138163 -315.51107787],1.7805485368258638e-13,0.002052009305651471,1,The solution converged.,"{'nfev': 4, 'fjac': array([[-0.74141798,  0.6710435 ],
       [-0.6710435 , -0.74141798]]), 'r': array([7.00697621e+00, 1.40427557e-05, 7.00697840e+00]), 'qtf': array([-2.29646558e-09, -1.49217379e-09]), 'fvec': array([1.18127730e-13, 1.33226763e-13])}",4.210742190480233e-06,No,45,106
-32.671381625720656,-315.5110778688484,[ -32.67138163 -315.51107787],1.7805485368258638e-13,0.002052009305651471,1,The solution converged.,"{'nfev': 4, 'fjac': array([[-0.74141798,  0.6710435 ],
       [-0.6710435 , -0.74141798]]), 'r': array([7.00697621e+00, 1.40427557e-05, 7.00697840e+00]), 'qtf': array([-2.29646558e-09, -1.49217379e-09]), 'fvec': array([1.18127730e-13, 1.33226763e-13])}",4.210742190480233e-06,Yes,45,106
-33.09374021900628,322.9513157432309,[ -33.09374022 -322.95131574],3.209275130719716e-13,0.00939252526642602,1,The solution converged.,"{'nfev': 4, 'fjac': array([[-0.74098482,  0.67152177],
       [-0.67152177, -0.74098482]]), 'r': array([7.08129028e+00, 1.45753638e-05, 7.08129249e+00]), 'qtf': array([2.19123223e-09, 1.25740334e-09]), 'fvec': array([-2.26485497e-13, -2.27373675e-13])}",8.821953088045119e-05,No,47,120
-33.09374021900628,-322.9513157432309,[ -33.09374022 -322.95131574],3.209275130719716e-13,0.00939252526642602,1,The solution converged.,"{'nfev': 4, 'fjac': array([[-0.74098482,  0.67152177],
       [-0.67152177, -0.74098482]]), 'r': array([7.08129028e+00, 1.45753638e-05, 7.08129249e+00]), 'qtf': array([2.19123223e-09, 1.25740334e-09]), 'fvec': array([-2.26485497e-13, -2.27373675e-13])}",8.821953088045119e-05,Yes,47,120
-33.5114352031242,-330.3961029024422,[-69. 328.],3.835059385344846e-13,0.01310324023155384,1,The solution converged.,"{'nfev': 4, 'fjac': array([[-0.74056675, -0.6719828 ],
       [ 0.6719828 , -0.74056675]]), 'r': array([7.15480170e+00, 1.52012105e-05, 7.15480244e+00]), 'qtf': array([1.41561634e-08, 7.86682303e-09]), 'fvec': array([ 2.58459920e-13, -2.83328916e-13])}",0.00017169490456581116,Yes,48,112
-33.5114352031242,330.3961029024422,[-69. 328.],3.835059385344846e-13,0.01310324023155384,1,The solution converged.,"{'nfev': 4, 'fjac': array([[-0.74056675, -0.6719828 ],
       [ 0.6719828 , -0.74056675]]), 'r': array([7.15480170e+00, 1.52012105e-05, 7.15480244e+00]), 'qtf': array([1.41561634e-08, 7.86682303e-09]), 'fvec': array([ 2.58459920e-13, -2.83328916e-13])}",0.00017169490456581116,No,48,112
-33.92461597699297,-337.84529235566737,[ -33.92461598 -337.84529236],3.2412793405617466e-13,0.018117086105095846,1,The solution converged.,"{'nfev': 4, 'fjac': array([[-0.74016303,  0.67242745],
       [-0.67242745, -0.74016303]]), 'r': array([7.22753623e+00, 1.48174746e-05, 7.22753856e+00]), 'qtf': array([-4.02192562e-09,  3.17713925e-09]), 'fvec': array([-2.24709140e-13, -2.33590924e-13])}",0.000328228808939457,Yes,46,110
-33.92461597699297,337.84529235566737,[ -33.92461598 -337.84529236],3.2412793405617466e-13,0.018117086105095846,1,The solution converged.,"{'nfev': 4, 'fjac': array([[-0.74016303,  0.67242745],
       [-0.67242745, -0.74016303]]), 'r': array([7.22753623e+00, 1.48174746e-05, 7.22753856e+00]), 'qtf': array([-4.02192562e-09,  3.17713925e-09]), 'fvec': array([-2.24709140e-13, -2.33590924e-13])}",0.000328228808939457,No,46,110
-34.33342416680848,-345.2987448647637,[ -34.33342417 -345.29874486],1.4383281002407287e-13,0.010176777269231142,1,The solution converged.,"{'nfev': 4, 'fjac': array([[-0.73977292,  0.67285662],
       [-0.67285662, -0.73977292]]), 'r': array([7.29951785e+00, 1.60793690e-05, 7.29952020e+00]), 'qtf': array([1.32040084e-09, 8.49791535e-11]), 'fvec': array([1.03028697e-13, 1.00364161e-13])}",0.00010356679558753966,Yes,49,108
-34.33342416680848,345.2987448647637,[ -34.33342417 -345.29874486],1.4383281002407287e-13,0.010176777269231142,1,The solution converged.,"{'nfev': 4, 'fjac': array([[-0.73977292,  0.67285662],
       [-0.67285662, -0.73977292]]), 'r': array([7.29951785e+00, 1.60793690e-05, 7.29952020e+00]), 'qtf': array([1.32040084e-09, 8.49791535e-11]), 'fvec': array([1.03028697e-13, 1.00364161e-13])}",0.00010356679558753966,No,49,108
-34.73799417908946,352.7563283834867,[ -34.73799418 -352.75632838],1.3329188012548863e-13,0.032617224047977275,1,The solution converged.,"{'nfev': 4, 'fjac': array([[-0.73939554,  0.67327129],
       [-0.67327129, -0.73939554]]), 'r': array([7.37076947e+00, 1.65900092e-05, 7.37077177e+00]), 'qtf': array([9.55311925e-10, 9.71750305e-10]), 'fvec': array([-9.85878046e-14, -8.97060204e-14])}",0.001063883304595947,No,50,108
-34.73799417908946,-352.7563283834867,[ -34.73799418 -352.75632838],1.3329188012548863e-13,0.032617224047977275,1,The solution converged.,"{'nfev': 4, 'fjac': array([[-0.73939554,  0.67327129],
       [-0.67327129, -0.73939554]]), 'r': array([7.37076947e+00, 1.65900092e-05, 7.37077177e+00]), 'qtf': array([9.55311925e-10, 9.71750305e-10]), 'fvec': array([-9.85878046e-14, -8.97060204e-14])}",0.001063883304595947,Yes,50,108
-35.13845370423418,360.2179175478192,[ -35.1384537  -360.21791755],1.895673222800754e-13,0.010498046875,1,The solution converged.,"{'nfev': 4, 'fjac': array([[-0.73903026,  0.67367223],
       [-0.67367223, -0.73903026]]), 'r': array([7.44131253e+00, 1.68318231e-05, 7.44131517e+00]), 'qtf': array([ 5.28324710e-14, -1.89799478e-13]), 'fvec': array([1.11022302e-13, 1.53654867e-13])}",0.00011020898818969727,No,51,106
-35.13845370423418,-360.2179175478192,[ -35.1384537  -360.21791755],1.895673222800754e-13,0.010498046875,1,The solution converged.,"{'nfev': 4, 'fjac': array([[-0.73903026,  0.67367223],
       [-0.67367223, -0.73903026]]), 'r': array([7.44131253e+00, 1.68318231e-05, 7.44131517e+00]), 'qtf': array([ 5.28324710e-14, -1.89799478e-13]), 'fvec': array([1.11022302e-13, 1.53654867e-13])}",0.00011020898818969727,Yes,51,106
-35.5349241758875,367.6833932118231,[ -35.53492418 -367.68339321],3.66205343881779e-14,0.059263848114933376,1,The solution converged.,"{'nfev': 4, 'fjac': array([[-0.73867651,  0.6740601 ],
       [-0.6740601 , -0.73867651]]), 'r': array([7.51116818e+00, 1.71864080e-05, 7.51117073e+00]), 'qtf': array([1.02055931e-13, 4.71881843e-13]), 'fvec': array([3.55271368e-14, 8.88178420e-15])}",0.003512203693389892,No,52,102
-35.5349241758875,-367.6833932118231,[ -35.53492418 -367.68339321],3.66205343881779e-14,0.059263848114933376,1,The solution converged.,"{'nfev': 4, 'fjac': array([[-0.73867651,  0.6740601 ],
       [-0.6740601 , -0.73867651]]), 'r': array([7.51116818e+00, 1.71864080e-05, 7.51117073e+00]), 'qtf': array([1.02055931e-13, 4.71881843e-13]), 'fvec': array([3.55271368e-14, 8.88178420e-15])}",0.003512203693389892,Yes,52,102
-35.9275211907605,-375.1526420241409,[-33. 366.],3.410709213468901e-13,0.06262531234945042,1,The solution converged.,"{'nfev': 4, 'fjac': array([[-0.73833374, -0.67443554],
       [ 0.67443554, -0.73833374]]), 'r': array([7.58035595e+00, 1.73730333e-05, 7.58035674e+00]), 'qtf': array([-3.06512523e-08, -2.23266031e-08]), 'fvec': array([ 2.45137244e-13, -2.37143638e-13])}",0.003921929746866227,Yes,53,108
-35.9275211907605,375.1526420241409,[-33. 366.],3.410709213468901e-13,0.06262531234945042,1,The solution converged.,"{'nfev': 4, 'fjac': array([[-0.73833374, -0.67443554],
       [ 0.67443554, -0.73833374]]), 'r': array([7.58035595e+00, 1.73730333e-05, 7.58035674e+00]), 'qtf': array([-3.06512523e-08, -2.23266031e-08]), 'fvec': array([ 2.45137244e-13, -2.37143638e-13])}",0.003921929746866227,No,53,108
-36.316354892980016,382.6255560408795,[-75. 380.],3.2293561536352376e-14,0.0553646400094901,1,The solution converged.,"{'nfev': 4, 'fjac': array([[-0.73800129, -0.6747993 ],
       [ 0.6747993 , -0.73800129]]), 'r': array([7.64889456e+00, 1.81809290e-05, 7.64889539e+00]), 'qtf': array([-3.54637072e-08, -5.55442702e-09]), 'fvec': array([-2.7533531e-14,  1.6875390e-14])}",0.003065243363380432,No,54,104
-36.316354892980016,-382.6255560408795,[-75. 380.],3.2293561536352376e-14,0.0553646400094901,1,The solution converged.,"{'nfev': 4, 'fjac': array([[-0.73800129, -0.6747993 ],
       [ 0.6747993 , -0.73800129]]), 'r': array([7.64889456e+00, 1.81809290e-05, 7.64889539e+00]), 'qtf': array([-3.54637072e-08, -5.55442702e-09]), 'fvec': array([-2.7533531e-14,  1.6875390e-14])}",0.003065243363380432,Yes,54,104
-36.7015303265582,390.10203237112574,[ -36.70153033 -390.10203237],3.771622233654624e-13,0.09098816813587718,1,The solution converged.,"{'nfev': 4, 'fjac': array([[-0.7376787 ,  0.67515193],
       [-0.67515193, -0.7376787 ]]), 'r': array([7.71680195e+00, 1.83659977e-05, 7.71680444e+00]), 'qtf': array([-9.24101304e-11, -2.05238094e-09]), 'fvec': array([2.46913601e-13, 2.85105273e-13])}",0.008278846740722655,No,55,100
-36.7015303265582,-390.10203237112574,[ -36.70153033 -390.10203237],3.771622233654624e-13,0.09098816813587718,1,The solution converged.,"{'nfev': 4, 'fjac': array([[-0.7376787 ,  0.67515193],
       [-0.67515193, -0.7376787 ]]), 'r': array([7.71680195e+00, 1.83659977e-05, 7.71680444e+00]), 'qtf': array([-9.24101304e-11, -2.05238094e-09]), 'fvec': array([2.46913601e-13, 2.85105273e-13])}",0.008278846740722655,Yes,55,100
-37.083147759151174,-397.58197285179557,[-75. 394.],2.5034029990071126e-13,0.2550754330830392,1,The solution converged.,"{'nfev': 4, 'fjac': array([[-0.73736557, -0.67549391],
       [ 0.67549391, -0.73736557]]), 'r': array([7.78409521e+00, 1.99298749e-05, 7.78409606e+00]), 'qtf': array([-3.64615207e-08, -2.06733273e-08]), 'fvec': array([ 1.66977543e-13, -1.86517468e-13])}",0.06506347656250001,Yes,56,104
-37.083147759151174,397.58197285179557,[-75. 394.],2.5034029990071126e-13,0.2550754330830392,1,The solution converged.,"{'nfev': 4, 'fjac': array([[-0.73736557, -0.67549391],
       [ 0.67549391, -0.73736557]]), 'r': array([7.78409521e+00, 1.99298749e-05, 7.78409606e+00]), 'qtf': array([-3.64615207e-08, -2.06733273e-08]), 'fvec': array([ 1.66977543e-13, -1.86517468e-13])}",0.06506347656250001,No,56,104
-37.461302979910464,405.06528374890155,[ -37.46130298 -405.06528375],3.6819039753967026e-13,0.33705556358246713,1,The solution converged.,"{'nfev': 4, 'fjac': array([[-0.73706149,  0.67582569],
       [-0.67582569, -0.73706149]]), 'r': array([7.85079070e+00, 1.99920751e-05, 7.85079346e+00]), 'qtf': array([7.93645738e-10, 2.44345135e-10]), 'fvec': array([1.79412041e-13, 3.21520588e-13])}",0.11360645294189455,No,57,104
-37.461302979910464,-405.06528374890155,[ -37.46130298 -405.06528375],3.6819039753967026e-13,0.33705556358246713,1,The solution converged.,"{'nfev': 4, 'fjac': array([[-0.73706149,  0.67582569],
       [-0.67582569, -0.73706149]]), 'r': array([7.85079070e+00, 1.99920751e-05, 7.85079346e+00]), 'qtf': array([7.93645738e-10, 2.44345135e-10]), 'fvec': array([1.79412041e-13, 3.21520588e-13])}",0.11360645294189455,Yes,57,104
-37.836087573913446,-412.5518754826625,[-75. 410.],7.537490457308538e-14,0.26491496611180637,1,The solution converged.,"{'nfev': 4, 'fjac': array([[-0.73676586, -0.67614797],
       [ 0.67614797, -0.73676586]]), 'r': array([7.91690411e+00, 2.07717468e-05, 7.91690502e+00]), 'qtf': array([-1.94215848e-08,  4.27559788e-09]), 'fvec': array([-5.41788836e-14,  5.24025268e-14])}",0.07017993927001952,Yes,58,106
-37.836087573913446,412.5518754826625,[-75. 410.],7.537490457308538e-14,0.26491496611180637,1,The solution converged.,"{'nfev': 4, 'fjac': array([[-0.73676586, -0.67614797],
       [ 0.67614797, -0.73676586]]), 'r': array([7.91690411e+00, 2.07717468e-05, 7.91690502e+00]), 'qtf': array([-1.94215848e-08,  4.27559788e-09]), 'fvec': array([-5.41788836e-14,  5.24025268e-14])}",0.07017993927001952,No,58,106
-38.207589175381905,420.04166237417036,[ -38.20758918 -420.04166237],2.3997259443764378e-14,0.13258611795477085,1,The solution converged.,"{'nfev': 4, 'fjac': array([[-0.73647851,  0.67646094],
       [-0.67646094, -0.73647851]]), 'r': array([7.98245029e+00, 2.12280729e-05, 7.98245315e+00]), 'qtf': array([ 2.04005517e-09, -8.11739490e-10]), 'fvec': array([-8.88178420e-16,  2.39808173e-14])}",0.01757907867431641,No,59,90
-38.207589175381905,-420.04166237417036,[ -38.20758918 -420.04166237],2.3997259443764378e-14,0.13258611795477085,1,The solution converged.,"{'nfev': 4, 'fjac': array([[-0.73647851,  0.67646094],
       [-0.67646094, -0.73647851]]), 'r': array([7.98245029e+00, 2.12280729e-05, 7.98245315e+00]), 'qtf': array([ 2.04005517e-09, -8.11739490e-10]), 'fvec': array([-8.88178420e-16,  2.39808173e-14])}",0.01757907867431641,Yes,59,90
-38.57589170165647,427.5345624115815,[ -38.5758917  -427.53456241],4.790403295431318e-14,0.3610059797050632,1,The solution converged.,"{'nfev': 4, 'fjac': array([[-0.7361989 ,  0.67676523],
       [-0.67676523, -0.7361989 ]]), 'r': array([8.04744369e+00, 2.15462310e-05, 8.04744665e+00]), 'qtf': array([-7.24348251e-12,  1.36568415e-10]), 'fvec': array([-4.70734562e-14, -8.88178420e-15])}",0.1303253173828125,No,60,96
-38.57589170165647,-427.5345624115815,[ -38.5758917  -427.53456241],4.790403295431318e-14,0.3610059797050632,1,The solution converged.,"{'nfev': 4, 'fjac': array([[-0.7361989 ,  0.67676523],
       [-0.67676523, -0.7361989 ]]), 'r': array([8.04744369e+00, 2.15462310e-05, 8.04744665e+00]), 'qtf': array([-7.24348251e-12,  1.36568415e-10]), 'fvec': array([-4.70734562e-14, -8.88178420e-15])}",0.1303253173828125,Yes,60,96
-38.941075569682205,435.0304970340265,[ -38.94107557 -435.03049703],6.680259082427315e-14,1.1873457959088836,1,The solution converged.,"{'nfev': 4, 'fjac': array([[-0.73592674,  0.67706117],
       [-0.67706117, -0.73592674]]), 'r': array([8.11189816e+00, 2.16024857e-05, 8.11190106e+00]), 'qtf': array([7.97669495e-14, 4.81313413e-13]), 'fvec': array([5.41788836e-14, 3.90798505e-14])}",1.4097900390625002,No,62,106
-38.941075569682205,-435.0304970340265,[ -38.94107557 -435.03049703],6.680259082427315e-14,1.1873457959088836,1,The solution converged.,"{'nfev': 4, 'fjac': array([[-0.73592674,  0.67706117],
       [-0.67706117, -0.73592674]]), 'r': array([8.11189816e+00, 2.16024857e-05, 8.11190106e+00]), 'qtf': array([7.97669495e-14, 4.81313413e-13]), 'fvec': array([5.41788836e-14, 3.90798505e-14])}",1.4097900390625002,Yes,62,106
-39.30321789657509,442.52939093162263,[ -39.3032179  -442.52939093],1.626918865613175e-13,0.1305529294302219,1,The solution converged.,"{'nfev': 4, 'fjac': array([[-0.73566185,  0.67734898],
       [-0.67734898, -0.73566185]]), 'r': array([8.17582665e+00, 2.30524388e-05, 8.17582965e+00]), 'qtf': array([ 3.81752266e-09, -2.18737267e-09]), 'fvec': array([1.12798659e-13, 1.17239551e-13])}",0.0170440673828125,No,63,96
-39.30321789657509,-442.52939093162263,[ -39.3032179  -442.52939093],1.626918865613175e-13,0.1305529294302219,1,The solution converged.,"{'nfev': 4, 'fjac': array([[-0.73566185,  0.67734898],
       [-0.67734898, -0.73566185]]), 'r': array([8.17582665e+00, 2.30524388e-05, 8.17582965e+00]), 'qtf': array([ 3.81752266e-09, -2.18737267e-09]), 'fvec': array([1.12798659e-13, 1.17239551e-13])}",0.0170440673828125,Yes,63,96
-39.66239268567534,450.03117186014697,[ -39.66239269 -450.03117186],1.3593773098298427e-13,1.5706865614800627,1,The solution converged.,"{'nfev': 4, 'fjac': array([[-0.73540367,  0.67762928],
       [-0.67762928, -0.73540367]]), 'r': array([8.23924193e+00, 2.28352567e-05, 8.23924490e+00]), 'qtf': array([-2.90918201e-14,  4.26097193e-13]), 'fvec': array([1.06581410e-13, 8.43769499e-14])}",2.467056274414063,No,61,96
-39.66239268567534,-450.03117186014697,[ -39.66239269 -450.03117186],1.3593773098298427e-13,1.5706865614800627,1,The solution converged.,"{'nfev': 4, 'fjac': array([[-0.73540367,  0.67762928],
       [-0.67762928, -0.73540367]]), 'r': array([8.23924193e+00, 2.28352567e-05, 8.23924490e+00]), 'qtf': array([-2.90918201e-14,  4.26097193e-13]), 'fvec': array([1.06581410e-13, 8.43769499e-14])}",2.467056274414063,Yes,61,96
-40.01867099934912,-457.5357704690766,[ -40.018671   -457.53577047],4.452901795132273e-13,1.6562914573231253,1,The solution converged.,"{'nfev': 4, 'fjac': array([[-0.73515205,  0.67790225],
       [-0.67790225, -0.73515205]]), 'r': array([8.30215596e+00, 2.25790924e-05, 8.30215909e+00]), 'qtf': array([-1.51708311e-13,  6.92525478e-13]), 'fvec': array([2.97539771e-13, 3.31290551e-13])}",2.7433013916015625,Yes,64,96
-40.01867099934912,457.5357704690766,[ -40.018671   -457.53577047],4.452901795132273e-13,1.6562914573231253,1,The solution converged.,"{'nfev': 4, 'fjac': array([[-0.73515205,  0.67790225],
       [-0.67790225, -0.73515205]]), 'r': array([8.30215596e+00, 2.25790924e-05, 8.30215909e+00]), 'qtf': array([-1.51708311e-13,  6.92525478e-13]), 'fvec': array([2.97539771e-13, 3.31290551e-13])}",2.7433013916015625,No,64,96
-40.372121119673,465.04312014183796,[-75. 462.],4.325711579826191e-14,0.5203383064170848,1,The solution converged.,"{'nfev': 4, 'fjac': array([[-0.73490687, -0.67816804],
       [ 0.67816804, -0.73490687]]), 'r': array([8.36458092e+00, 2.43865912e-05, 8.36458193e+00]), 'qtf': array([ 9.70238843e-09, -2.90398058e-09]), 'fvec': array([-1.42108547e-14,  4.08562073e-14])}",0.270751953125,No,65,100
-40.372121119673,-465.04312014183796,[-75. 462.],4.325711579826191e-14,0.5203383064170848,1,The solution converged.,"{'nfev': 4, 'fjac': array([[-0.73490687, -0.67816804],
       [ 0.67816804, -0.73490687]]), 'r': array([8.36458092e+00, 2.43865912e-05, 8.36458193e+00]), 'qtf': array([ 9.70238843e-09, -2.90398058e-09]), 'fvec': array([-1.42108547e-14,  4.08562073e-14])}",0.270751953125,Yes,65,100
-40.72280869802233,-472.55315684721955,[ -40.7228087  -472.55315685],3.6020425944916404e-13,2.5,1,The solution converged.,"{'nfev': 4, 'fjac': array([[-0.73466762,  0.67842722],
       [-0.67842722, -0.73466762]]), 'r': array([8.42652764e+00, 2.40714121e-05, 8.42653080e+00]), 'qtf': array([ 4.82240467e-09, -5.63956125e-09]), 'fvec': array([2.72670775e-13, 2.35367281e-13])}",6.25,Yes,67,104
-40.72280869802233,472.55315684721955,[ -40.7228087  -472.55315685],3.6020425944916404e-13,2.5,1,The solution converged.,"{'nfev': 4, 'fjac': array([[-0.73466762,  0.67842722],
       [-0.67842722, -0.73466762]]), 'r': array([8.42652764e+00, 2.40714121e-05, 8.42653080e+00]), 'qtf': array([ 4.82240467e-09, -5.63956125e-09]), 'fvec': array([2.72670775e-13, 2.35367281e-13])}",6.25,No,67,104
-41.070796894484864,480.0658190010115,[ -41.07079689 -480.065819  ],5.178659070101654e-13,5.2003793431344985,1,The solution converged.,"{'nfev': 4, 'fjac': array([[-0.7344342 ,  0.67867989],
       [-0.67867989, -0.7344342 ]]), 'r': array([8.48800683e+00, 2.44716461e-05, 8.48801019e+00]), 'qtf': array([4.96370857e-13, 6.17112182e-13]), 'fvec': array([3.42836870e-13, 3.88133969e-13])}",27.043945312499996,No,66,90
-41.070796894484864,-480.0658190010115,[ -41.07079689 -480.065819  ],5.178659070101654e-13,5.2003793431344985,1,The solution converged.,"{'nfev': 4, 'fjac': array([[-0.7344342 ,  0.67867989],
       [-0.67867989, -0.7344342 ]]), 'r': array([8.48800683e+00, 2.44716461e-05, 8.48801019e+00]), 'qtf': array([4.96370857e-13, 6.17112182e-13]), 'fvec': array([3.42836870e-13, 3.88133969e-13])}",27.043945312499996,Yes,66,90
-41.41614650793191,-487.58104733702294,[ -41.41614651 -487.58104734],5.6801770239614346e-14,2.728609994117884,1,The solution converged.,"{'nfev': 4, 'fjac': array([[-0.73420645,  0.67892627],
       [-0.67892627, -0.73420645]]), 'r': array([8.54902928e+00, 2.59714369e-05, 8.54903269e+00]), 'qtf': array([1.19580480e-13, 6.30753174e-13]), 'fvec': array([-2.57571742e-14, -5.06261699e-14])}",7.445312499999999,Yes,68,84
-41.41614650793191,487.58104733702294,[ -41.41614651 -487.58104734],5.6801770239614346e-14,2.728609994117884,1,The solution converged.,"{'nfev': 4, 'fjac': array([[-0.73420645,  0.67892627],
       [-0.67892627, -0.73420645]]), 'r': array([8.54902928e+00, 2.59714369e-05, 8.54903269e+00]), 'qtf': array([1.19580480e-13, 6.30753174e-13]), 'fvec': array([-2.57571742e-14, -5.06261699e-14])}",7.445312499999999,No,68,84
-41.75891609749992,-495.09878478671243,[-41.7589161  495.09878479],2.0150691644318599e-13,5.078509600820402,1,The solution converged.,"{'nfev': 4, 'fjac': array([[-0.73398399, -0.67916677],
       [ 0.67916677, -0.73398399]]), 'r': array([8.60960477e+00, 2.64362439e-05, 8.60960598e+00]), 'qtf': array([ 9.38967445e-12, -7.41419855e-12]), 'fvec': array([-1.66977543e-13,  1.12798659e-13])}",25.791259765624996,Yes,-1,12
-41.75891609749992,495.09878478671243,[-41.7589161  495.09878479],2.0150691644318599e-13,5.078509600820402,1,The solution converged.,"{'nfev': 4, 'fjac': array([[-0.73398399, -0.67916677],
       [ 0.67916677, -0.73398399]]), 'r': array([8.60960477e+00, 2.64362439e-05, 8.60960598e+00]), 'qtf': array([ 9.38967445e-12, -7.41419855e-12]), 'fvec': array([-1.66977543e-13,  1.12798659e-13])}",25.791259765624996,No,-1,12
