# {'par': {'k': 5.0, 'D': 0.5, 'v': 5.0, 'tau': 0.25, 'R': 0.5, 'label': 'default'}, 'guess_range': ([-50, 10, 30], [200, 300, 20]), 'tols': (0.0001, 1e-07, 3)}
Sol_r,Sol_i,Guess,g(x),ier,msg,infodict,instances
1.955,0.0,[-21.03448276 200.        ],5.820766091346741e-11,1,The solution converged.,"{'nfev': 4, 'fjac': array([[-1.00000000e+00,  1.61906677e-26],
       [-1.61906677e-26, -1.00000000e+00]]), 'r': array([-1.02119685e+05,  1.65338588e-21, -1.02119685e+05]), 'qtf': array([5.82076609e-11, 3.19797529e-21]), 'fvec': array([-5.82076609e-11, -3.19797529e-21])}",34
0.51,-15.19,[-18.96551724 210.52631579],1.4551915228366852e-10,1,The solution converged.,"{'nfev': 4, 'fjac': array([[-0.92800153,  0.37257638],
       [-0.37257638, -0.92800153]]), 'r': array([-1.25607522e+05,  1.07477824e-02, -1.25607552e+05]), 'qtf': array([-1.40563796e-10,  3.76515991e-11]), 'fvec': array([ 1.16415322e-10, -8.73114914e-11])}",2
0.51,15.19,[ 0.50997358 15.19186307],1.4551915228366852e-10,1,The solution converged.,"{'nfev': 4, 'fjac': array([[-0.92800153, -0.37257638],
       [ 0.37257638, -0.92800153]]), 'r': array([-1.25607522e+05,  1.04103534e-03, -1.25607556e+05]), 'qtf': array([-1.40563796e-10, -3.76515991e-11]), 'fvec': array([1.16415322e-10, 8.73114914e-11])}",2
-2.656,-32.14,[-50.         210.52631579],2.6031257322754127e-10,1,The solution converged.,"{'nfev': 4, 'fjac': array([[-0.86230915,  0.50638219],
       [-0.50638219, -0.86230915]]), 'r': array([-1.52888389e+05,  1.40070880e-02, -1.52888369e+05]), 'qtf': array([-1.75152938e-11,  2.59722641e-10]), 'fvec': array([-1.16415322e-10, -2.32830644e-10])}",8
-2.656,32.14,[-2.65560367 32.1414542 ],2.6031257322754127e-10,1,The solution converged.,"{'nfev': 4, 'fjac': array([[-0.86230915, -0.50638219],
       [ 0.50638219, -0.86230915]]), 'r': array([-1.52888389e+05,  1.08000035e-02, -1.52888376e+05]), 'qtf': array([-1.75152938e-11, -2.59722641e-10]), 'fvec': array([-1.16415322e-10,  2.32830644e-10])}",8
-6.212,50.31,[-6.2121526  50.31185664],5.007212322113702e-10,1,The solution converged.,"{'nfev': 4, 'fjac': array([[-0.85206497, -0.52343604],
       [ 0.52343604, -0.85206497]]), 'r': array([-1.75714832e+05,  1.74417387e-02, -1.75714839e+05]), 'qtf': array([-4.99516899e-10, -3.47076304e-11]), 'fvec': array([4.07453626e-10, 2.91038305e-10])}",1
-6.212,-50.31,[-21.03448276 226.31578947],5.007212322113702e-10,1,The solution converged.,"{'nfev': 4, 'fjac': array([[-0.85206497,  0.52343604],
       [-0.52343604, -0.85206497]]), 'r': array([-1.75714832e+05,  2.58371573e-02, -1.75714827e+05]), 'qtf': array([-4.99516899e-10,  3.47076304e-11]), 'fvec': array([ 4.07453626e-10, -2.91038305e-10])}",1
-7.499,6.521e-06,[-45.86206897 205.26315789],1886.6831316727198,1,The solution converged.,"{'nfev': 4, 'fjac': array([[-0.99998522,  0.00543725],
       [-0.00543725, -0.99998522]]), 'r': array([1.57311683e+06, 3.28491427e+00, 1.57319015e+06]), 'qtf': array([1886.57157008,   20.51707315]), 'fvec': array([-1886.65523931,   -10.25901089])}",1
-7.499,0.0001068,[-47.93103448 205.26315789],1799.002270203477,1,The solution converged.,"{'nfev': 4, 'fjac': array([[-0.99514427,  0.09842708],
       [-0.09842708, -0.99514427]]), 'r': array([1.64978499e+06, 1.66730264e+01, 1.64986794e+06]), 'qtf': array([1764.14261192,  352.4344095 ]), 'fvec': array([-1790.26549379,  -177.08368062])}",1
-7.499,7.7e-05,[-43.79310345 226.31578947],1787.841774539108,1,The solution converged.,"{'nfev': 4, 'fjac': array([[-0.99742759,  0.07168119],
       [-0.07168119, -0.99742759]]), 'r': array([1.66008196e+06, 1.23845144e+01, 1.66016719e+06]), 'qtf': array([1769.46782153,  255.65961623]), 'fvec': array([-1783.24201918,  -128.16439373])}",1
-7.499,2.111e-06,[-27.24137931 200.        ],1828.9066273289664,1,The solution converged.,"{'nfev': 4, 'fjac': array([[-0.99999825,  0.00187349],
       [-0.00187349, -0.99999825]]), 'r': array([1.62280939e+06, 1.95765272e+00, 1.62288983e+06]), 'qtf': array([1828.89378767,    6.85309412]), 'fvec': array([-1828.90341719,    -3.42667422])}",1
-7.5,-0.0001173,[-47.93103448 231.57894737],967.1957977587417,1,The solution converged.,"{'nfev': 4, 'fjac': array([[-0.40769946, -0.91311618],
       [ 0.91311618, -0.40769946]]), 'r': array([ 3.06919807e+06, -4.05129258e+02,  3.06883471e+06]), 'qtf': array([-645.75639398, -720.04610327]), 'fvec': array([-394.21121158,  883.21301613])}",1
-7.5,-6.116e-05,[  3.79310345 226.31578947],636.2970998281236,1,The solution converged.,"{'nfev': 4, 'fjac': array([[-0.52827288, -0.84907465],
       [ 0.84907465, -0.52827288]]), 'r': array([ 4.66558158e+06, -1.71455520e+03,  4.66473638e+06]), 'qtf': array([-281.36029993, -570.7104177 ]), 'fvec': array([-335.94073194,  540.38673547])}",1
-7.5,0.000423,[  5.86206897 226.31578947],1618.639614830681,1,The solution converged.,"{'nfev': 4, 'fjac': array([[-0.80179083,  0.59760477],
       [-0.59760477, -0.80179083]]), 'r': array([1.83369605e+06, 1.11244167e+02, 1.83372919e+06]), 'qtf': array([ 462.4277956 , 1551.17849926]), 'fvec': array([-1297.76204048,  -967.37163953])}",1
-7.5,-4.986e-05,[  7.93103448 226.31578947],1155.7965145557907,1,The solution converged.,"{'nfev': 4, 'fjac': array([[-0.99376964, -0.11145355],
       [ 0.11145355, -0.99376964]]), 'r': array([ 2.56773612e+06, -7.08158640e+01,  2.56804696e+06]), 'qtf': array([1127.07543308, -256.05966338]), 'fvec': array([-1148.59211074,   128.84776367])}",1
-7.5,-0.0001399,[ 10.         226.31578947],1457.249602615247,1,The solution converged.,"{'nfev': 4, 'fjac': array([[-0.97988979, -0.19953948],
       [ 0.19953948, -0.97988979]]), 'r': array([ 2.03665740e+06, -6.21640373e+01,  2.03680377e+06]), 'qtf': array([1341.19050046, -569.89862764]), 'fvec': array([-1427.93615004,   290.81739241])}",1
-7.5,1.048e-05,[-50. 200.],929.5331798194325,1,The solution converged.,"{'nfev': 4, 'fjac': array([[-0.9993511 ,  0.03601902],
       [-0.03601902, -0.9993511 ]]), 'r': array([3.19254578e+06, 4.52915379e+01, 3.19315693e+06]), 'qtf': array([927.12037615,  66.93086375]), 'fvec': array([-928.92955613,  -33.49346411])}",1
-7.5,-9.14e-05,[-43.79310345 231.57894737],941.1776444475003,1,The solution converged.,"{'nfev': 4, 'fjac': array([[-0.9462042 , -0.32357011],
       [ 0.32357011, -0.9462042 ]]), 'r': array([ 3.15318591e+06, -3.61379590e+02,  3.15365256e+06]), 'qtf': array([ 744.03478809, -576.3918741 ]), 'fvec': array([-890.51202345,  304.63698808])}",1
-7.5,-0.00016,[-41.72413793 231.57894737],1484.7826970405595,1,The solution converged.,"{'nfev': 4, 'fjac': array([[-0.97532289, -0.22078328],
       [ 0.22078328, -0.97532289]]), 'r': array([ 1.99889829e+06, -6.48896465e+01,  1.99903403e+06]), 'qtf': array([1340.01233266, -639.48933201]), 'fvec': array([-1448.13325583,   327.85626546])}",1
-7.5,-0.0001811,[-35.51724138 231.57894737],1578.6007599565492,1,The solution converged.,"{'nfev': 4, 'fjac': array([[-0.22124479, -0.97521831],
       [ 0.97521831, -0.22124479]]), 'r': array([ 1.88037584e+06, -5.40996969e+01,  1.88026291e+06]), 'qtf': array([-1424.07455172,  -681.16960479]), 'fvec': array([-349.21999817, 1539.48879574])}",1
-7.5,0.0001655,[-33.44827586 231.57894737],1450.692959504789,1,The solution converged.,"{'nfev': 4, 'fjac': array([[-0.9706773 ,  0.24038633],
       [-0.24038633, -0.9706773 ]]), 'r': array([2.04586769e+06, 7.51793537e+01, 2.04601025e+06]), 'qtf': array([1283.01260471,  677.04410411]), 'fvec': array([-1408.14335126,  -348.77265526])}",1
-7.5,0.0001611,[-31.37931034 231.57894737],1488.318881322492,1,The solution converged.,"{'nfev': 4, 'fjac': array([[-0.97519016,  0.22136883],
       [-0.22136883, -0.97519016]]), 'r': array([1.99414961e+06, 6.44764048e+01, 1.99428427e+06]), 'qtf': array([1342.43308892,  642.62469163]), 'fvec': array([-1451.38461086,  -329.50842759])}",1
-7.5,-0.0002573,[-29.31034483 231.57894737],1359.8576900795533,1,The solution converged.,"{'nfev': 4, 'fjac': array([[-0.88429131, -0.46693563],
       [ 0.46693563, -0.88429131]]), 'r': array([ 2.18257613e+06, -1.61707275e+02,  2.18268648e+06]), 'qtf': array([  766.80530147, -1123.04165858]), 'fvec': array([-1202.46742708,   635.04726129])}",1
-7.5,-0.0003657,[-27.24137931 231.57894737],1680.659829507077,1,The solution converged.,"{'nfev': 4, 'fjac': array([[-0.90551864, -0.42430648],
       [ 0.42430648, -0.90551864]]), 'r': array([ 1.76598608e+06, -7.96536536e+01,  1.76605241e+06]), 'qtf': array([ 1075.45496733, -1291.5161926 ]), 'fvec': array([-1521.84321078,   713.16947798])}",1
-7.5,0.0002845,[-25.17241379 231.57894737],1638.451852660244,1,The solution converged.,"{'nfev': 4, 'fjac': array([[-0.33370904,  0.94267612],
       [-0.94267612, -0.33370904]]), 'r': array([1.81166450e+06, 7.04355657e+01, 1.81157749e+06]), 'qtf': array([-1273.56288082,  1030.8065105 ]), 'fvec': array([ -546.7172354, -1544.5467743])}",1
-7.5,-0.0001002,[-23.10344828 231.57894737],1085.4126318362473,1,The solution converged.,"{'nfev': 4, 'fjac': array([[-0.96519726, -0.26152294],
       [ 0.26152294, -0.96519726]]), 'r': array([ 2.73424383e+06, -1.94217567e+02,  2.73457601e+06]), 'qtf': array([ 936.90311661, -548.02657913]), 'fvec': array([-1047.61784305,   283.93209799])}",1
-7.5,0.000298,[-39.65517241 231.57894737],1576.9822932255165,1,The solution converged.,"{'nfev': 4, 'fjac': array([[-0.92276318,  0.38536749],
       [-0.38536749, -0.92276318]]), 'r': array([1.88207249e+06, 8.93010573e+01, 1.88216076e+06]), 'qtf': array([1108.54822522, 1121.60331022]), 'fvec': array([-1455.15694728,  -607.77579084])}",1
-7.5,5.61e-05,[ -4.48275862 226.31578947],714.5505043811768,1,The solution converged.,"{'nfev': 4, 'fjac': array([[-0.34802456,  0.93748541],
       [-0.93748541, -0.34802456]]), 'r': array([4.15490863e+06, 8.80754726e+02, 4.15388550e+06]), 'qtf': array([-541.55441128,  466.155814  ]), 'fvec': array([-248.54003839, -669.93303593])}",1
-7.5,0.0005689,[  1.72413793 226.31578947],1972.6948290324144,1,The solution converged.,"{'nfev': 4, 'fjac': array([[-0.50160281,  0.86509804],
       [-0.86509804, -0.50160281]]), 'r': array([1.50466426e+06, 5.56543378e+01, 1.50463240e+06]), 'qtf': array([-980.05233104, 1712.02287278]), 'fvec': array([ -989.47062674, -1706.59683795])}",1
-7.5,-3.502e-05,[ 10.         231.57894737],1005.4391430175285,1,The solution converged.,"{'nfev': 4, 'fjac': array([[-0.994645  , -0.10335054],
       [ 0.10335054, -0.994645  ]]), 'r': array([ 2.95161303e+06, -9.97695828e+01,  2.95208684e+06]), 'qtf': array([ 983.95349253, -206.74475772]), 'fvec': array([-1000.05159849,   103.94551775])}",1
-7.5,1.22e-05,[-27.24137931 221.05263158],269.23188729159193,1,The solution converged.,"{'nfev': 4, 'fjac': array([[-0.69552241,  0.7185044 ],
       [-0.7185044 , -0.69552241]]), 'r': array([11025383.14515654,    25214.70227009, 11024505.56349985]), 'qtf': array([ -9.36460561, 269.06897498]), 'fvec': array([-186.81395032, -193.87201216])}",1
-7.5,-1.233e-05,[-25.17241379 221.05263158],1500.9471662641683,1,The solution converged.,"{'nfev': 4, 'fjac': array([[-0.99986799, -0.01624844],
       [ 0.01624844, -0.99986799]]), 'r': array([ 1.97735767e+06, -5.32366602e+00,  1.97750315e+06]), 'qtf': array([1500.15452931,  -48.77278042]), 'fvec': array([-1500.74896857,    24.39117168])}",1
-7.5,-0.000285,[-23.10344828 221.05263158],1570.1920358819305,1,The solution converged.,"{'nfev': 4, 'fjac': array([[-0.92936934, -0.36915122],
       [ 0.36915122, -0.92936934]]), 'r': array([ 1.89020720e+06, -8.72476229e+01,  1.89029972e+06]), 'qtf': array([ 1142.20168122, -1077.44064754]), 'fvec': array([-1459.26575602,   579.69516372])}",1
-7.5,0.0002343,[-21.03448276 221.05263158],1314.0103413580096,1,The solution converged.,"{'nfev': 4, 'fjac': array([[-0.45145234,  0.89229523],
       [-0.89229523, -0.45145234]]), 'r': array([2.25899137e+06, 1.74893030e+02, 2.25886270e+06]), 'qtf': array([-778.47118982, 1058.58669168]), 'fvec': array([ -593.12922102, -1172.52757083])}",1
-7.5,0.000151,[-50.         226.31578947],1704.5861355516954,1,The solution converged.,"{'nfev': 4, 'fjac': array([[-0.98772839,  0.1561814 ],
       [-0.1561814 , -0.98772839]]), 'r': array([1.74116173e+06, 3.06680403e+01, 1.74125628e+06]), 'qtf': array([1621.42019856,  525.93767048]), 'fvec': array([-1683.66444303,  -266.24788596])}",1
-7.5,5.854e-05,[-47.93103448 226.31578947],1660.0962267548325,1,The solution converged.,"{'nfev': 4, 'fjac': array([[-0.99800293,  0.06316769],
       [-0.06316769, -0.99800293]]), 'r': array([1.78781475e+06, 1.35674240e+01, 1.78792149e+06]), 'qtf': array([1646.84685983,  209.32009546]), 'fvec': array([-1656.78025353,  -104.87456125])}",1
-7.5,-7.845e-06,[-45.86206897 226.31578947],1003.754377619219,1,The solution converged.,"{'nfev': 4, 'fjac': array([[-0.99973293, -0.0231098 ],
       [ 0.0231098 , -0.99973293]]), 'r': array([ 2.95655553e+06, -2.31187658e+01,  2.95704167e+06]), 'qtf': array([1002.68189809,  -46.38816471]), 'fvec': array([-1003.48613599,    23.20399691])}",1
-7.5,-0.0002154,[-37.5862069  226.31578947],1308.9911761038716,1,The solution converged.,"{'nfev': 4, 'fjac': array([[-0.40890304, -0.91257784],
       [ 0.91257784, -0.40890304]]), 'r': array([ 2.26767138e+06, -1.63774448e+02,  2.26752523e+06]), 'qtf': array([-871.32536654, -976.85720796]), 'fvec': array([-535.1706492, 1194.5920958])}",1
-7.5,0.0001758,[-35.51724138 226.31578947],1136.3434772024975,1,The solution converged.,"{'nfev': 4, 'fjac': array([[-0.8913553 ,  0.45330535],
       [-0.45330535, -0.8913553 ]]), 'r': array([2.61181777e+06, 2.71071688e+02, 2.61201532e+06]), 'qtf': array([669.24748524, 918.35957101]), 'fvec': array([-1012.83459331,  -515.21120404])}",1
-7.5,0.0004402,[-33.44827586 226.31578947],1721.3562912145212,1,The solution converged.,"{'nfev': 4, 'fjac': array([[-0.51418316,  0.8576804 ],
       [-0.8576804 , -0.51418316]]), 'r': array([1.72436824e+06, 8.51419287e+01, 1.72432276e+06]), 'qtf': array([-811.21515364, 1518.22180719]), 'fvec': array([ -885.03591849, -1476.40743167])}",1
-7.5,0.0001765,[-29.31034483 226.31578947],1520.8357690713574,1,The solution converged.,"{'nfev': 4, 'fjac': array([[-0.23290923,  0.97249848],
       [-0.97249848, -0.23290923]]), 'r': array([1.95180310e+06, 6.34037594e+01, 1.95167831e+06]), 'qtf': array([-1355.85441273,   688.91236596]), 'fvec': array([ -354.17521949, -1479.02040229])}",1
-7.5,-0.0001369,[-27.24137931 226.31578947],1107.8498512598817,1,The solution converged.,"{'nfev': 4, 'fjac': array([[-0.93524146, -0.35401047],
       [ 0.35401047, -0.93524146]]), 'r': array([ 2.67892268e+06, -2.39652754e+02,  2.67919392e+06]), 'qtf': array([ 830.10769563, -733.65694067]), 'fvec': array([-1036.07337159,   392.27957074])}",1
-7.5,-2.302e-05,[-25.17241379 226.31578947],370.5367012640952,1,The solution converged.,"{'nfev': 4, 'fjac': array([[-0.67236299, -0.7402216 ],
       [ 0.7402216 , -0.67236299]]), 'r': array([8011358.37971355,   -9633.52792187, 8010419.0859052 ]), 'qtf': array([ -35.96149443, -368.78749694]), 'fvec': array([-248.80529302,  274.57853731])}",1
-7.5,0.0002306,[-23.10344828 226.31578947],1189.7324561902792,1,The solution converged.,"{'nfev': 4, 'fjac': array([[-0.61092631,  0.79168747],
       [-0.79168747, -0.61092631]]), 'r': array([2.49488774e+06, 2.82797707e+02, 2.49481352e+06]), 'qtf': array([-301.76625672, 1150.8259832 ]), 'fvec': array([-726.73756457, -941.97443148])}",1
-7.5,0.0001873,[-18.96551724 226.31578947],1373.7464218345492,1,The solution converged.,"{'nfev': 4, 'fjac': array([[-0.30994513,  0.95075445],
       [-0.95075445, -0.30994513]]), 'r': array([2.16079628e+06, 1.11878909e+02, 2.16064285e+06]), 'qtf': array([-1109.84393949,   809.58363465]), 'fvec': array([ -425.72451941, -1306.11556345])}",1
-7.5,9.237e-05,[-16.89655172 226.31578947],1258.3623649389883,1,The solution converged.,"{'nfev': 4, 'fjac': array([[-0.98441517,  0.1758601 ],
       [-0.1758601 , -0.98441517]]), 'r': array([2.35849857e+06, 8.56978873e+01, 2.35873033e+06]), 'qtf': array([1180.51340603,  435.73379452]), 'fvec': array([-1238.74349194,  -221.33775702])}",1
-7.5,-0.0006408,[ -8.62068966 226.31578947],2061.3923367633847,1,The solution converged.,"{'nfev': 4, 'fjac': array([[-0.52644857, -0.85020697],
       [ 0.85020697, -0.52644857]]), 'r': array([ 1.43991594e+06, -5.03593885e+01,  1.43989092e+06]), 'qtf': array([ -918.80505354, -1845.30096181]), 'fvec': array([-1085.18413569,  1752.63052516])}",1
-7.5,-3.085e-05,[  7.93103448 231.57894737],463.0275962198542,1,The solution converged.,"{'nfev': 4, 'fjac': array([[-0.49042338, -0.87148431],
       [ 0.87148431, -0.49042338]]), 'r': array([ 6.41290248e+06, -4.24093762e+03,  6.41032405e+06]), 'qtf': array([-240.55882142, -395.63367943]), 'fvec': array([-226.81287487,  403.67124576])}",1
-7.5,8.856e-05,[-41.72413793 236.84210526],1131.3208609713754,1,The solution converged.,"{'nfev': 4, 'fjac': array([[-0.97769821,  0.21001481],
       [-0.21001481, -0.97769821]]), 'r': array([2.62329715e+06, 1.39430256e+02, 2.62360706e+06]), 'qtf': array([1031.50060641,  464.6432927 ]), 'fvec': array([-1106.07826298,  -237.65051363])}",1
-7.5,5.189e-05,[-45.86206897 236.84210526],778.0607231886114,1,The solution converged.,"{'nfev': 4, 'fjac': array([[-0.96463115,  0.26360338],
       [-0.26360338, -0.96463115]]), 'r': array([3.81390515e+06, 5.31301770e+02, 3.81480453e+06]), 'qtf': array([669.8763027, 395.7830568]), 'fvec': array([-750.51330161, -205.20300453])}",1
-7.5,-0.0001177,[  7.93103448 252.63157895],912.0430635874272,1,The solution converged.,"{'nfev': 4, 'fjac': array([[-0.47813798, -0.87828473],
       [ 0.87828473, -0.47813798]]), 'r': array([ 3.25476209e+06, -5.45092770e+02,  3.25440970e+06]), 'qtf': array([-495.15394114, -765.92762348]), 'fvec': array([-435.95063519,  801.10523248])}",1
-7.5,-0.0001492,[-25.17241379 247.36842105],1088.8186379950548,1,The solution converged.,"{'nfev': 4, 'fjac': array([[-0.9123207 , -0.40947643],
       [ 0.40947643, -0.9123207 ]]), 'r': array([ 2.72577108e+06, -2.84876961e+02,  2.72602444e+06]), 'qtf': array([ 723.61017168, -813.5811858 ]), 'fvec': array([-993.30685449,  445.9456461 ])}",1
-7.5,-5.672e-05,[-18.96551724 247.36842105],635.9691801347774,1,The solution converged.,"{'nfev': 4, 'fjac': array([[-0.47247867, -0.8813421 ],
       [ 0.8813421 , -0.47247867]]), 'r': array([ 4.66820292e+06, -1.59445405e+03,  4.66714253e+06]), 'qtf': array([-352.20678123, -529.53487263]), 'fvec': array([-300.29118643,  560.60859914])}",1
-7.5,-5.043e-05,[-39.65517241 252.63157895],1341.1534756966719,1,The solution converged.,"{'nfev': 4, 'fjac': array([[-0.99650881, -0.08348771],
       [ 0.08348771, -0.99650881]]), 'r': array([ 2.21291895e+06, -3.38885115e+01,  2.21312018e+06]), 'qtf': array([1322.45412528, -223.17645914]), 'fvec': array([-1336.46967433,   111.9886377 ])}",1
-7.5,-0.000344,[-31.37931034 252.63157895],1806.337478865733,1,The solution converged.,"{'nfev': 4, 'fjac': array([[-0.94340449, -0.33164435],
       [ 0.33164435, -0.94340449]]), 'r': array([ 1.64310734e+06, -5.22079665e+01,  1.64317250e+06]), 'qtf': array([ 1408.96052978, -1130.34743025]), 'fvec': array([-1704.09302569,   599.10103268])}",1
-7.5,-0.0003281,[-25.17241379 252.63157895],1606.6425786899454,1,The solution converged.,"{'nfev': 4, 'fjac': array([[-0.91001894, -0.41456668],
       [ 0.41456668, -0.91001894]]), 'r': array([ 1.84733663e+06, -8.94984410e+01,  1.84741449e+06]), 'qtf': array([ 1054.34089522, -1212.2976748 ]), 'fvec': array([-1462.04840091,   666.11924538])}",1
-7.5,-0.0001707,[-23.10344828 252.63157895],1078.0929936945136,1,The solution converged.,"{'nfev': 4, 'fjac': array([[-0.50499495, -0.8631223 ],
       [ 0.8631223 , -0.50499495]]), 'r': array([ 2.75335332e+06, -3.42573678e+02,  2.75316073e+06]), 'qtf': array([-528.33553778, -939.7585129 ]), 'fvec': array([-544.31975046,  930.59148519])}",1
-7.5,0.000347,[-21.03448276 252.63157895],1638.0771045057916,1,The solution converged.,"{'nfev': 4, 'fjac': array([[-0.90578833,  0.42373047],
       [-0.42373047, -0.90578833]]), 'r': array([1.81189085e+06, 8.60177444e+01, 1.81196260e+06]), 'qtf': array([1049.80313206, 1257.46172277]), 'fvec': array([-1483.72426381,  -694.16057888])}",1
-7.5,2.926e-05,[  5.86206897 252.63157895],504.1652290378173,1,The solution converged.,"{'nfev': 4, 'fjac': array([[-0.36779197,  0.9299081 ],
       [-0.9299081 , -0.36779197]]), 'r': array([5.89007883e+06, 2.62872651e+03, 5.88727286e+06]), 'qtf': array([-367.92113639,  344.69786127]), 'fvec': array([-185.21889296, -468.90994856])}",1
-7.5,-0.0004096,[ 10.         252.63157895],1563.2378983233514,1,The solution converged.,"{'nfev': 4, 'fjac': array([[-0.67133704, -0.7411522 ],
       [ 0.7411522 , -0.67133704]]), 'r': array([ 1.89873793e+06, -1.28269972e+02,  1.89872519e+06]), 'qtf': array([ -154.24483601, -1555.60960955]), 'fvec': array([-1049.39321349,  1158.6572445 ])}",1
-7.5,-0.0001059,[-29.31034483 247.36842105],794.3664660981933,1,The solution converged.,"{'nfev': 4, 'fjac': array([[-0.73758801, -0.67525101],
       [ 0.67525101, -0.73758801]]), 'r': array([ 3.73642014e+06, -9.78282366e+02,  3.73650646e+06]), 'qtf': array([  69.75649927, -791.29773996]), 'fvec': array([-585.7761567 ,  536.54857814])}",1
-7.5,0.0002681,[-23.10344828 263.15789474],1571.7691909043276,1,The solution converged.,"{'nfev': 4, 'fjac': array([[-0.34299864,  0.9393359 ],
       [-0.9393359 , -0.34299864]]), 'r': array([1.88852943e+06, 8.16131057e+01, 1.88843252e+06]), 'qtf': array([-1201.97495709,  1012.77568692]), 'fvec': array([ -539.06079207, -1476.43890897])}",1
-7.5,-0.0001336,[-25.17241379 268.42105263],1478.4658727451904,1,The solution converged.,"{'nfev': 4, 'fjac': array([[-0.98282189, -0.18455658],
       [ 0.18455658, -0.98282189]]), 'r': array([ 2.00743261e+06, -5.52908722e+01,  2.00757457e+06]), 'qtf': array([1377.73648052, -536.38002117]), 'fvec': array([-1453.06203435,   272.89569656])}",1
-7.5,-0.0002077,[-23.10344828 268.42105263],1310.7175037496813,1,The solution converged.,"{'nfev': 4, 'fjac': array([[-0.9209559 , -0.38966683],
       [ 0.38966683, -0.9209559 ]]), 'r': array([ 2.26436405e+06, -1.56885702e+02,  2.26451620e+06]), 'qtf': array([ 912.61794603, -940.80224235]), 'fvec': array([-1207.08030267,   510.82043572])}",1
-7.5,5.071e-05,[-21.03448276 268.42105263],1341.4417174535793,1,The solution converged.,"{'nfev': 4, 'fjac': array([[-0.9964723 ,  0.08392232],
       [-0.08392232, -0.9964723 ]]), 'r': array([2.21244355e+06, 3.44253081e+01, 2.21264464e+06]), 'qtf': array([1322.54311732,  224.37821676]), 'fvec': array([-1336.70792202,  -112.59579271])}",1
-7.5,0.0001297,[-21.03448276 273.68421053],889.6436896717702,1,The solution converged.,"{'nfev': 4, 'fjac': array([[-0.61945369,  0.7850332 ],
       [-0.7850332 , -0.61945369]]), 'r': array([3.33650794e+06, 6.80051301e+02, 3.33634518e+06]), 'qtf': array([-207.06394967,  865.21119694]), 'fvec': array([-550.95298784, -698.51034334])}",1
-7.5,0.0002989,[-18.96551724 300.        ],1364.9523938105542,1,The solution converged.,"{'nfev': 4, 'fjac': array([[-0.58964164,  0.80766499],
       [-0.80766499, -0.58964164]]), 'r': array([2.17461347e+06, 1.84411876e+02, 2.17455445e+06]), 'qtf': array([-415.92699727, 1300.03837263]), 'fvec': array([ -804.74759962, -1102.48643451])}",1
-7.5,-1.863e-05,[-16.89655172 300.        ],884.7101073078337,1,The solution converged.,"{'nfev': 4, 'fjac': array([[-0.99749029, -0.07080346],
       [ 0.07080346, -0.99749029]]), 'r': array([ 3.35423320e+06, -1.00724211e+02,  3.35493671e+06]), 'qtf': array([ 875.83609244, -124.99245239]), 'fvec': array([-882.48789222,   62.66653065])}",1
-7.5,0.0001573,[-14.82758621 300.        ],984.5150771928566,1,The solution converged.,"{'nfev': 4, 'fjac': array([[-0.79616769,  0.60507604],
       [-0.60507604, -0.79616769]]), 'r': array([3.01469930e+06, 4.97075353e+02, 3.01483731e+06]), 'qtf': array([263.4670245 , 948.60690711]), 'fvec': array([-783.74324009, -595.83258625])}",1
-7.5,-5.914e-05,[-27.24137931 247.36842105],1184.7907955495791,1,The solution converged.,"{'nfev': 4, 'fjac': array([[-0.99202769, -0.12602007],
       [ 0.12602007, -0.99202769]]), 'r': array([ 2.50491445e+06, -7.39228024e+01,  2.50520097e+06]), 'qtf': array([1147.15102377, -296.26636305]), 'fvec': array([-1175.34109054,   149.34038339])}",1
-7.5,-3.552e-05,[-31.37931034 247.36842105],558.4683576094938,1,The solution converged.,"{'nfev': 4, 'fjac': array([[-0.36305069, -0.93176939],
       [ 0.93176939, -0.36305069]]), 'r': array([ 5.31690380e+06, -1.91276685e+03,  5.31482027e+06]), 'qtf': array([-411.38524364, -377.68914171]), 'fvec': array([-202.56548251,  520.43648195])}",1
-7.5,0.0001208,[-31.37931034 221.05263158],1494.872561970226,1,The solution converged.,"{'nfev': 4, 'fjac': array([[-0.98668368,  0.16265089],
       [-0.16265089, -0.98668368]]), 'r': array([1.98540061e+06, 4.72675338e+01, 1.98554011e+06]), 'qtf': array([1415.76795739,  479.83858469]), 'fvec': array([-1474.9613132 ,  -243.17298592])}",1
-7.5,0.0004227,[-43.79310345 242.10526316],1952.3837293954273,1,The solution converged.,"{'nfev': 4, 'fjac': array([[-0.35158823,  0.93615475],
       [-0.93615475, -0.35158823]]), 'r': array([1.52034129e+06, 4.35222290e+01, 1.52029148e+06]), 'qtf': array([-1469.72181946,  1285.19259265]), 'fvec': array([ -686.40225888, -1827.74565129])}",1
-7.5,0.0001266,[-39.65517241 236.84210526],1312.5050584290489,1,The solution converged.,"{'nfev': 4, 'fjac': array([[-0.97462577,  0.22384057],
       [-0.22384057, -0.97462577]]), 'r': array([2.26123285e+06, 9.51503033e+01, 2.26142880e+06]), 'qtf': array([1180.95774561,  572.72011619]), 'fvec': array([-1279.18985493,  -293.84152779])}",1
-7.5,5.363e-05,[-37.5862069  236.84210526],1379.7999719711524,1,The solution converged.,"{'nfev': 4, 'fjac': array([[-0.99647491,  0.08389136],
       [-0.08389136, -0.99647491]]), 'r': array([2.15094774e+06, 3.14247863e+01, 2.15113246e+06]), 'qtf': array([1360.37552217,  230.70847695]), 'fvec': array([-1374.93451928,  -115.77145732])}",1
-7.5,0.0001326,[-35.51724138 236.84210526],1203.0065529594533,1,The solution converged.,"{'nfev': 4, 'fjac': array([[-0.95895927,  0.28354386],
       [-0.28354386, -0.95895927]]), 'r': array([2.46703183e+06, 1.53689520e+02, 2.46726900e+06]), 'qtf': array([1009.53145047,  654.27136341]), 'fvec': array([-1153.61416856,  -341.17314747])}",1
-7.5,-0.0001742,[-33.44827586 236.84210526],1545.3131662588362,1,The solution converged.,"{'nfev': 4, 'fjac': array([[-0.2220557 , -0.97503398],
       [ 0.97503398, -0.2220557 ]]), 'r': array([ 1.92088519e+06, -5.77210145e+01,  1.92076496e+06]), 'qtf': array([-1392.93548166,  -669.12145815]), 'fvec': array([-343.10689436, 1506.74166361])}",1
-7.5,-4.634e-06,[-31.37931034 236.84210526],998.1580970263581,1,The solution converged.,"{'nfev': 4, 'fjac': array([[-0.99990476, -0.01380114],
       [ 0.01380114, -0.99990476]]), 'r': array([ 2.97312609e+06, -1.61429112e+01,  2.97362072e+06]), 'qtf': array([997.77773245, -27.55328089]), 'fvec': array([-998.06297051,   13.78018713])}",1
-7.5,-0.0002714,[-29.31034483 236.84210526],1624.0198762442658,1,The solution converged.,"{'nfev': 4, 'fjac': array([[-0.32272371, -0.94649322],
       [ 0.94649322, -0.32272371]]), 'r': array([ 1.82776723e+06, -7.02548806e+01,  1.82767622e+06]), 'qtf': array([-1285.76594445,  -992.09197887]), 'fvec': array([-524.06117531, 1537.14034589])}",1
-7.5,-0.0001019,[-27.24137931 236.84210526],1303.788642564698,1,The solution converged.,"{'nfev': 4, 'fjac': array([[-0.98349637, -0.18092788],
       [ 0.18092788, -0.98349637]]), 'r': array([ 2.27633946e+06, -7.92312768e+01,  2.27654703e+06]), 'qtf': array([1218.41495211, -464.03645218]), 'fvec': array([-1282.26380877,   235.93293371])}",1
-7.5,-0.0002837,[-45.86206897 242.10526316],1635.9341606059797,1,The solution converged.,"{'nfev': 4, 'fjac': array([[-0.94265633, -0.33376494],
       [ 0.33376494, -0.94265633]]), 'r': array([ 1.81424599e+06, -7.07309497e+01,  1.81433334e+06]), 'qtf': array([ 1271.41841136, -1029.45412773]), 'fvec': array([-1542.10631533,   546.06656194])}",1
-7.5,0.0003029,[-41.72413793 242.10526316],1749.038040401831,1,The solution converged.,"{'nfev': 4, 'fjac': array([[-0.30905477,  0.95104424],
       [-0.95104424, -0.30905477]]), 'r': array([1.69711436e+06, 5.40456764e+01, 1.69703994e+06]), 'qtf': array([-1414.94475527,  1028.13686166]), 'fvec': array([ -540.50822399, -1663.42566007])}",1
-7.5,0.0001651,[-33.44827586 247.36842105],1161.3763712862253,1,The solution converged.,"{'nfev': 4, 'fjac': array([[-0.39554542,  0.91844642],
       [-0.91844642, -0.39554542]]), 'r': array([2.55594894e+06, 2.28362248e+02, 2.55573290e+06]), 'qtf': array([-798.03923789,  843.75852622]), 'fvec': array([ -459.28623038, -1066.70109889])}",1
-7.5,-0.0001102,[-37.5862069  242.10526316],1243.2095861005585,1,The solution converged.,"{'nfev': 4, 'fjac': array([[-0.97622078, -0.21677868],
       [ 0.21677868, -0.97622078]]), 'r': array([ 2.38724831e+06, -1.08471949e+02,  2.38748038e+06]), 'qtf': array([1126.34286128, -526.23363046]), 'fvec': array([-1213.63553528,   269.55307917])}",1
-7.5,-0.000149,[-35.51724138 242.10526316],946.264785677465,1,The solution converged.,"{'nfev': 4, 'fjac': array([[-0.64982351, -0.76008513],
       [ 0.76008513, -0.64982351]]), 'r': array([ 3.13680007e+06, -5.73914590e+02,  3.13670963e+06]), 'qtf': array([-147.27272229, -934.73407442]), 'fvec': array([-614.77619053,  719.35198628])}",1
-7.5,-4.559e-05,[-31.37931034 242.10526316],1631.0809659530084,1,The solution converged.,"{'nfev': 4, 'fjac': array([[-0.99870232, -0.05092822],
       [ 0.05092822, -0.99870232]]), 'r': array([ 1.81961460e+06, -1.14146234e+01,  1.81972746e+06]), 'qtf': array([1622.61908768, -165.92894196]), 'fvec': array([-1628.96390715,    83.07651104])}",1
-7.5,9.148e-05,[-29.31034483 242.10526316],1243.0508459398818,1,The solution converged.,"{'nfev': 4, 'fjac': array([[-0.98392848,  0.178563  ],
       [-0.178563  , -0.98392848]]), 'r': array([2.38754491e+06, 9.01581967e+01, 2.38778479e+06]), 'qtf': array([1163.76666064,  436.8324223 ]), 'fvec': array([-1223.06527053,  -222.00619273])}",1
-7.5,-4.76e-05,[-27.24137931 242.10526316],1323.68999614425,1,The solution converged.,"{'nfev': 4, 'fjac': array([[-0.9967234 , -0.08088553],
       [ 0.08088553, -0.9967234 ]]), 'r': array([ 2.24210893e+06, -3.42217505e+01,  2.24231831e+06]), 'qtf': array([1306.36659448, -213.45146222]), 'fvec': array([-1319.35128484,   107.08591453])}",1
-7.5,0.0003657,[-25.17241379 242.10526316],1482.2265768218651,1,The solution converged.,"{'nfev': 4, 'fjac': array([[-0.65076554,  0.75927875],
       [-0.75927875, -0.65076554]]), 'r': array([2.00252430e+06, 1.49366267e+02, 2.00250113e+06]), 'qtf': array([-226.88892375, 1464.75835595]), 'fvec': array([ -964.50839373, -1125.4861987 ])}",1
-7.5,0.0002586,[-23.10344828 242.10526316],1460.6601487370538,1,The solution converged.,"{'nfev': 4, 'fjac': array([[-0.39091513,  0.92042673],
       [-0.92042673, -0.39091513]]), 'r': array([2.03218734e+06, 1.13694400e+02, 2.03207762e+06]), 'qtf': array([-1014.29158383,  1051.06643609]), 'fvec': array([ -570.92770756, -1344.45885874])}",1
-7.5,-0.0004401,[-21.03448276 242.10526316],1932.336775009506,1,The solution converged.,"{'nfev': 4, 'fjac': array([[-0.92588259, -0.37781138],
       [ 0.37781138, -0.92588259]]), 'r': array([ 1.53597880e+06, -4.77413694e+01,  1.53602754e+06]), 'qtf': array([ 1380.66072279, -1351.92506471]), 'fvec': array([-1789.10239147,   730.09454516])}",1
-7.5,0.0002941,[-29.31034483 221.05263158],1543.9877131199014,1,The solution converged.,"{'nfev': 4, 'fjac': array([[-0.39941555,  0.91676999],
       [-0.91676999, -0.39941555]]), 'r': array([1.92250058e+06, 9.80370020e+01, 1.92240946e+06]), 'qtf': array([-1051.40364072,  1130.68494398]), 'fvec': array([ -616.63106626, -1415.50845508])}",1
-7.5,0.0001834,[-39.65517241 221.05263158],1043.445853395745,1,The solution converged.,"{'nfev': 4, 'fjac': array([[-0.70884475,  0.70536453],
       [-0.70536453, -0.70884475]]), 'r': array([2.84456918e+06, 4.33354237e+02, 2.84457117e+06]), 'qtf': array([   4.98145774, 1043.43396248]), 'fvec': array([-739.53239031, -736.1189392 ])}",1
-7.5,3.3e-08,[-33.44827586 221.05263158],16.427162842372056,1,The solution converged.,"{'nfev': 4, 'fjac': array([[-0.82816509,  0.56048425],
       [-0.56048425, -0.82816509]]), 'r': array([1.70771399e+08, 9.74402701e+07, 1.52160367e+08]), 'qtf': array([-3.081867  , 16.13548186]), 'fvec': array([ -6.49138872, -15.09018063])}",1
-7.5,0.0003584,[-12.75862069 205.26315789],1544.8726775541313,1,The solution converged.,"{'nfev': 4, 'fjac': array([[-0.52296988,  0.85235117],
       [-0.85235117, -0.52296988]]), 'r': array([1.92136433e+06, 1.19031197e+02, 1.92130384e+06]), 'qtf': array([-699.90796007, 1377.22926097]), 'fvec': array([ -807.85218682, -1316.81678076])}",1
-7.5,0.0003512,[-33.44827586 205.26315789],1445.450067624719,1,The solution converged.,"{'nfev': 4, 'fjac': array([[-0.68372089,  0.72974362],
       [-0.72974362, -0.68372089]]), 'r': array([2.05345955e+06, 1.62685387e+02, 2.05344889e+06]), 'qtf': array([ -94.13016968, 1442.38185275]), 'fvec': array([ -988.21018765, -1054.87749195])}",1
-7.5,-0.000535,[-31.37931034 205.26315789],1831.8306021826286,1,The solution converged.,"{'nfev': 4, 'fjac': array([[-0.81331156, -0.58182842],
       [ 0.58182842, -0.81331156]]), 'r': array([ 1.62028911e+06, -7.58318605e+01,  1.62031496e+06]), 'qtf': array([  591.53451672, -1733.69266902]), 'fvec': array([-1489.81352736,  1065.8606892 ])}",1
-7.5,3.625e-05,[-29.31034483 205.26315789],1319.6490930270047,1,The solution converged.,"{'nfev': 4, 'fjac': array([[-0.99808256,  0.06189668],
       [-0.06189668, -0.99808256]]), 'r': array([2.24897204e+06, 2.66904247e+01, 2.24918453e+06]), 'qtf': array([1309.5356478 ,  163.06475975]), 'fvec': array([-1317.11786175,   -81.69618707])}",1
-7.5,0.0001729,[-27.24137931 205.26315789],1595.952283706007,1,The solution converged.,"{'nfev': 4, 'fjac': array([[-0.97856655,  0.20593085],
       [-0.20593085, -0.97856655]]), 'r': array([1.85967334e+06, 4.87968315e+01, 1.85978414e+06]), 'qtf': array([1460.57747323,  643.25511001]), 'fvec': array([-1561.73832407,  -328.68997397])}",1
-7.5,-0.0002863,[-25.17241379 205.26315789],1397.0616823164116,1,The solution converged.,"{'nfev': 4, 'fjac': array([[-0.86361834, -0.50414617],
       [ 0.50414617, -0.86361834]]), 'r': array([ 2.12447320e+06, -1.57124244e+02,  2.12456196e+06]), 'qtf': array([  686.81667418, -1216.57889192]), 'fvec': array([-1206.48106443,   704.40385105])}",1
-7.5,-2.991e-05,[-21.03448276 205.26315789],518.1864488387519,1,The solution converged.,"{'nfev': 4, 'fjac': array([[-0.93559404, -0.35307759],
       [ 0.35307759, -0.93559404]]), 'r': array([ 5.72531166e+06, -2.33651212e+03,  5.72796409e+06]), 'qtf': array([ 388.84886297, -342.51095972]), 'fvec': array([-484.73762446,  183.15739459])}",1
-7.5,0.0004109,[-18.96551724 205.26315789],1602.977137165203,1,The solution converged.,"{'nfev': 4, 'fjac': array([[-0.5854256 ,  0.81072614],
       [-0.81072614, -0.5854256 ]]), 'r': array([1.85169616e+06, 1.13455892e+02, 1.85165859e+06]), 'qtf': array([-504.29992003, 1521.58381068]), 'fvec': array([ -938.35768334, -1299.62323786])}",1
-7.5,0.0003185,[-10.68965517 205.26315789],1392.0283808038967,1,The solution converged.,"{'nfev': 4, 'fjac': array([[-0.78060004,  0.62503086],
       [-0.62503086, -0.78060004]]), 'r': array([2.13220887e+06, 1.78105287e+02, 2.13224881e+06]), 'qtf': array([ 304.29629349, 1358.36179964]), 'fvec': array([-1086.5517375 ,  -870.14270939])}",1
-7.5,-0.0001735,[  7.93103448 205.26315789],1236.551099859544,1,The solution converged.,"{'nfev': 4, 'fjac': array([[-0.93249368, -0.3611863 ],
       [ 0.3611863 , -0.93249368]]), 'r': array([ 2.40014663e+06, -1.75371818e+02,  2.40033906e+06]), 'qtf': array([ 913.86400548, -833.01332645]), 'fvec': array([-1153.04540575,   446.70450505])}",1
-7.5,-0.0002531,[ -8.62068966 205.26315789],1258.6048643182867,1,The solution converged.,"{'nfev': 4, 'fjac': array([[-0.58463152, -0.81129895],
       [ 0.81129895, -0.58463152]]), 'r': array([ 2.35837386e+06, -2.34163747e+02,  2.35829574e+06]), 'qtf': array([ -398.3486198 , -1193.90308718]), 'fvec': array([-735.7251638 , 1021.17319189])}",1
-7.5,7.485e-05,[ -6.55172414 205.26315789],710.0929160488408,1,The solution converged.,"{'nfev': 4, 'fjac': array([[-0.51373531,  0.85794874],
       [-0.85794874, -0.51373531]]), 'r': array([4.18060849e+06, 1.21213582e+03, 4.17995871e+06]), 'qtf': array([-335.45217627,  625.86243445]), 'fvec': array([-364.62425802, -609.32840069])}",1
-7.5,-4.165e-05,[-37.5862069  221.05263158],1291.5742105704282,1,The solution converged.,"{'nfev': 4, 'fjac': array([[-0.99723591, -0.0743003 ],
       [ 0.0743003 , -0.99723591]]), 'r': array([ 2.29784980e+06, -3.41674562e+01,  2.29807577e+06]), 'qtf': array([1277.31123094, -191.41567523]), 'fvec': array([-1288.00287339,    95.98197514])}",1
-7.5,1.3e-08,[ -2.4137931  205.26315789],16.554802832740386,1,The solution converged.,"{'nfev': 4, 'fjac': array([[-0.77512977,  0.63180205],
       [-0.63180205, -0.77512977]]), 'r': array([2.04877550e+08, 1.21442263e+08, 1.31900223e+08]), 'qtf': array([-8.52699432, 14.18985076]), 'fvec': array([ -2.35564967, -16.38634833])}",1
-7.5,-0.0004602,[ -0.34482759 205.26315789],1800.3086145787388,1,The solution converged.,"{'nfev': 4, 'fjac': array([[-0.87694447, -0.48059172],
       [ 0.48059172, -0.87694447]]), 'r': array([ 1.64863537e+06, -7.11082319e+01,  1.64868077e+06]), 'qtf': array([  968.63197793, -1517.51876399]), 'fvec': array([-1578.74340698,   865.26317536])}",1
-7.5,-0.000372,[  1.72413793 205.26315789],1497.584358108083,1,The solution converged.,"{'nfev': 4, 'fjac': array([[-0.7663446 , -0.64242973],
       [ 0.64242973, -0.7663446 ]]), 'r': array([ 1.98193367e+06, -1.44281333e+02,  1.98195933e+06]), 'qtf': array([  261.33690346, -1474.60568714]), 'fvec': array([-1147.6046551 ,   962.16550824])}",1
-7.5,-3.345e-07,[  3.79310345 205.26315789],50.14101468522288,1,The solution converged.,"{'nfev': 4, 'fjac': array([[-0.49166818, -0.87078264],
       [ 0.87078264, -0.49166818]]), 'r': array([61477685.71271853, -3472811.93790408, 59094217.48531433]), 'qtf': array([-28.37326407, -41.34101159]), 'fvec': array([-22.04880397,  45.03300564])}",1
-7.5,-0.0001164,[-35.51724138 205.26315789],835.6519453396419,1,The solution converged.,"{'nfev': 4, 'fjac': array([[-0.65372379, -0.75673325],
       [ 0.75673325, -0.65372379]]), 'r': array([ 3.55202903e+06, -8.34833507e+02,  3.55190636e+06]), 'qtf': array([-121.6040867 , -826.75668721]), 'fvec': array([-546.13878953,  632.49236859])}",1
-7.5,0.0001554,[-37.5862069  205.26315789],1032.8409387766776,1,The solution converged.,"{'nfev': 4, 'fjac': array([[-0.49916266,  0.8665083 ],
       [-0.8665083 , -0.49916266]]), 'r': array([2.87400935e+06, 3.86610629e+02, 2.87378506e+06]), 'qtf': array([-518.2653731 ,  893.39879553]), 'fvec': array([-515.43875188, -895.03256805])}",1
-7.5,0.0001608,[-50.         205.26315789],1672.376661563228,1,The solution converged.,"{'nfev': 4, 'fjac': array([[-0.98488614,  0.17320302],
       [-0.17320302, -0.98488614]]), 'r': array([1.77469445e+06, 3.60283284e+01, 1.77479339e+06]), 'qtf': array([1572.02722033,  570.59102402]), 'fvec': array([-1647.09591393,  -289.68732879])}",1
-7.5,0.0,[ -4.48275862 200.        ],9.12685750990812,1,The solution converged.,"{'nfev': 4, 'fjac': array([[-0.93735303,  0.34838098],
       [-0.34838098, -0.93735303]]), 'r': array([2.16037749e+08, 2.80939528e+08, 1.63814832e+08]), 'qtf': array([-1.66798835,  8.97314565]), 'fvec': array([-1.56257933, -8.99210064])}",7
-7.5,6.273e-05,[-45.86206897 200.        ],1091.5356156182227,1,The solution converged.,"{'nfev': 4, 'fjac': array([[-0.98740358,  0.15822187],
       [-0.15822187, -0.98740358]]), 'r': array([2.71887553e+06, 1.18170157e+02, 2.71923504e+06]), 'qtf': array([1036.86996646,  341.10214427]), 'fvec': array([-1077.77894148,  -172.74997382])}",1
-7.5,5.457e-05,[-43.79310345 200.        ],569.2718245583008,1,The solution converged.,"{'nfev': 4, 'fjac': array([[-0.69657345,  0.71748549],
       [-0.71748549, -0.69657345]]), 'r': array([5.21403216e+06, 2.66737314e+03, 5.21395190e+06]), 'qtf': array([-17.12416983, 569.01421164]), 'fvec': array([-396.33119752, -408.64653688])}",1
-7.5,-0.0001259,[-41.72413793 200.        ],866.7261018553639,1,The solution converged.,"{'nfev': 4, 'fjac': array([[-0.66958645, -0.74273413],
       [ 0.74273413, -0.66958645]]), 'r': array([ 3.42464005e+06, -7.52111044e+02,  3.42456180e+06]), 'qtf': array([ -89.72629955, -862.06921231]), 'fvec': array([-580.20871017,  643.87264911])}",1
-7.5,0.0001209,[-39.65517241 200.        ],1471.4991307611224,1,The solution converged.,"{'nfev': 4, 'fjac': array([[-0.98577532,  0.16806848],
       [-0.16806848, -0.98577532]]), 'r': array([2.01693352e+06, 5.11334923e+01, 2.01707929e+06]), 'qtf': array([1388.35733145,  487.62035646]), 'fvec': array([-1450.56200776,  -247.34500897])}",1
-7.5,3.273e-05,[-37.5862069 200.       ],1145.1168615329377,1,The solution converged.,"{'nfev': 4, 'fjac': array([[-0.99723777,  0.07427541],
       [-0.07427541, -0.99723777]]), 'r': array([2.59167314e+06, 4.87568520e+01, 2.59199738e+06]), 'qtf': array([1132.47897892,  169.65844767]), 'fvec': array([-1141.95225845,   -85.07447313])}",1
-7.5,0.0002856,[-35.51724138 200.        ],1540.889121108805,1,The solution converged.,"{'nfev': 4, 'fjac': array([[-0.38730135,  0.92195318],
       [-0.92195318, -0.38730135]]), 'r': array([1.92636982e+06, 9.61654749e+01, 1.92627560e+06]), 'qtf': array([-1078.66215852,  1100.37594999]), 'fvec': array([ -596.72779313, -1420.65309786])}",1
-7.5,-6e-05,[-33.44827586 200.        ],964.3688801341253,1,The solution converged.,"{'nfev': 4, 'fjac': array([[-0.98076538, -0.19519034],
       [ 0.19519034, -0.98076538]]), 'r': array([ 3.07730430e+06, -2.10065725e+02,  3.07781117e+06]), 'qtf': array([ 890.86073043, -369.2891766 ]), 'fvec': array([-945.80704334,  188.29862917])}",1
-7.5,-4.687e-05,[-31.37931034 200.        ],1512.878609942398,1,The solution converged.,"{'nfev': 4, 'fjac': array([[-0.99814445, -0.06089051],
       [ 0.06089051, -0.99814445]]), 'r': array([ 1.96176617e+06, -1.69373400e+01,  1.96190720e+06]), 'qtf': array([1501.65874772, -183.90947181]), 'fvec': array([-1510.07068805,    92.13145783])}",1
-7.5,-0.0002119,[-29.31034483 200.        ],1241.7746231372985,1,The solution converged.,"{'nfev': 4, 'fjac': array([[-0.88844017, -0.45899244],
       [ 0.45899244, -0.88844017]]), 'r': array([ 2.39009575e+06, -2.09713357e+02,  2.39024450e+06]), 'qtf': array([  718.47179766, -1012.8190809 ]), 'fvec': array([-1103.19550859,   570.05603627])}",1
-7.5,1.347e-05,[-25.17241379 200.        ],291.62248206486953,1,The solution converged.,"{'nfev': 4, 'fjac': array([[-0.57586736,  0.81754314],
       [-0.81754314, -0.57586736]]), 'r': array([10184789.16422845,    18703.33815773, 10178061.55406338]), 'qtf': array([-98.7092324 , 274.40874528]), 'fvec': array([-167.49756196, -238.7220953 ])}",2
-7.5,-1.495e-08,[-23.10344828 200.        ],15.569090436671912,1,The solution converged.,"{'nfev': 4, 'fjac': array([[-0.80872476, -0.58818727],
       [ 0.58818727, -0.80872476]]), 'r': array([ 2.00594204e+08, -1.30579921e+08,  1.38903127e+08]), 'qtf': array([ -6.65059694, -14.07714948]), 'fvec': array([-2.90149777, 15.29633576])}",1
-7.5,0.0001724,[-18.96551724 200.        ],1215.9192078010049,1,The solution converged.,"{'nfev': 4, 'fjac': array([[-0.3730757 ,  0.92780091],
       [-0.92780091, -0.3730757 ]]), 'r': array([2.44128882e+06, 1.89634600e+02, 2.44109107e+06]), 'qtf': array([-877.50433637,  841.69214061]), 'fvec': array([ -453.54718817, -1128.16420259])}",1
-7.5,-7.696e-05,[-10.68965517 200.        ],1023.2285751529706,1,The solution converged.,"{'nfev': 4, 'fjac': array([[-0.97464   , -0.22377861],
       [ 0.22377861, -0.97464   ]]), 'r': array([ 2.90035037e+06, -2.00271438e+02,  2.90076368e+06]), 'qtf': array([ 920.71843795, -446.40147292]), 'fvec': array([-997.26412225,  229.04363665])}",1
-7.5,-1.695e-05,[ -8.62068966 200.        ],896.3247951627104,1,The solution converged.,"{'nfev': 4, 'fjac': array([[-0.99803058, -0.06272926],
       [ 0.06272926, -0.99803058]]), 'r': array([ 3.31078468e+06, -8.49226321e+01,  3.31146262e+06]), 'qtf': array([ 889.26793705, -112.25272628]), 'fvec': array([-894.55812625,   56.24853054])}",1
-7.5,0.0002369,[ -6.55172414 200.        ],1236.041146877318,1,The solution converged.,"{'nfev': 4, 'fjac': array([[-0.83397564,  0.55180127],
       [-0.55180127, -0.83397564]]), 'r': array([2.40123289e+06, 2.39821228e+02, 2.40133477e+06]), 'qtf': array([ 483.2232024 , 1137.67001078]), 'fvec': array([-1030.76413004,  -682.14589714])}",1
-7.5,3.662e-05,[  5.86206897 205.26315789],559.53114506419,1,The solution converged.,"{'nfev': 4, 'fjac': array([[-0.37474773,  0.92712682],
       [-0.92712682, -0.37474773]]), 'r': array([5.30674812e+06, 1.95361622e+03, 5.30472489e+06]), 'qtf': array([-402.51747063,  388.65767474]), 'fvec': array([-209.49244721, -518.83332281])}",1
-7.5,0.0005978,[ -4.48275862 205.26315789],1911.8280765814657,1,The solution converged.,"{'nfev': 4, 'fjac': array([[-0.78721406,  0.61667984],
       [-0.61667984, -0.78721406]]), 'r': array([1.55249991e+06, 6.83904943e+01, 1.55251679e+06]), 'qtf': array([ 457.66068155, 1856.24171243]), 'fvec': array([-1504.98377189, -1179.02944863])}",1
-7.5,-0.000327,[ 10.         205.26315789],1448.4103926755656,1,The solution converged.,"{'nfev': 4, 'fjac': array([[-0.5570811 , -0.83045809],
       [ 0.83045809, -0.5570811 ]]), 'r': array([ 2.04931918e+06, -1.49972206e+02,  2.04925773e+06]), 'qtf': array([ -549.49988624, -1340.12780757]), 'fvec': array([-806.80398185, 1202.89650448])}",1
-7.5,0.0003315,[-45.86206897 215.78947368],1465.6045696819394,1,The solution converged.,"{'nfev': 4, 'fjac': array([[-0.83686058,  0.54741608],
       [-0.54741608, -0.83686058]]), 'r': array([2.02513936e+06, 1.43243613e+02, 2.02520199e+06]), 'qtf': array([ 587.14186929, 1342.85560654]), 'fvec': array([-1226.45664262,  -802.37201997])}",1
-7.5,9.897e-05,[-47.93103448 210.52631579],1076.4388464103204,1,The solution converged.,"{'nfev': 4, 'fjac': array([[-0.96487933,  0.26269351],
       [-0.26269351, -0.96487933]]), 'r': array([2.75703300e+06, 2.00202572e+02, 2.75737322e+06]), 'qtf': array([927.83508993, 545.74960922]), 'fvec': array([-1038.61377973,  -282.84625969])}",1
-7.5,-1.248e-08,[-39.65517241 215.78947368],13.369041847687637,1,The solution converged.,"{'nfev': 4, 'fjac': array([[-0.86418633, -0.50317193],
       [ 0.50317193, -0.86418633]]), 'r': array([ 2.02980175e+08, -1.63811731e+08,  1.49857665e+08]), 'qtf': array([ -4.12401751, -12.71706568]), 'fvec': array([-2.83495093, 13.06500414])}",1
-7.5,-2.556e-05,[-37.5862069  215.78947368],1399.7834851452421,1,The solution converged.,"{'nfev': 4, 'fjac': array([[-0.99924948, -0.03873607],
       [ 0.03873607, -0.99924948]]), 'r': array([ 2.12024295e+06, -1.41736377e+01,  2.12042195e+06]), 'qtf': array([1395.58214141, -108.37108401]), 'fvec': array([-1398.73259468,    54.23037757])}",1
-7.5,8.467e-05,[-35.51724138 215.78947368],720.5109894189497,1,The solution converged.,"{'nfev': 4, 'fjac': array([[-0.61253498,  0.79044348],
       [-0.79044348, -0.61253498]]), 'r': array([4.11984653e+06, 1.27456402e+03, 4.11951742e+06]), 'qtf': array([-180.05521003,  697.65049073]), 'fvec': array([-441.16316811, -569.65879698])}",1
-7.5,0.0002731,[-33.44827586 215.78947368],1602.418576324372,1,The solution converged.,"{'nfev': 4, 'fjac': array([[-0.33507483,  0.94219152],
       [-0.94219152, -0.33507483]]), 'r': array([1.85240612e+06, 7.55721096e+01, 1.85231335e+06]), 'qtf': array([-1242.62934203,  1011.73989349]), 'fvec': array([ -536.87893874, -1509.80339743])}",1
-7.5,0.0004774,[-31.37931034 215.78947368],1818.5063464624793,1,The solution converged.,"{'nfev': 4, 'fjac': array([[-0.49225914,  0.8704487 ],
       [-0.8704487 , -0.49225914]]), 'r': array([1.63224859e+06, 7.01107883e+01, 1.63220641e+06]), 'qtf': array([-937.23706011, 1558.38121949]), 'fvec': array([ -895.12739126, -1582.9441827 ])}",1
-7.5,-0.0001027,[-29.31034483 215.78947368],1112.3853053930325,1,The solution converged.,"{'nfev': 4, 'fjac': array([[-0.96705042, -0.25458494],
       [ 0.25458494, -0.96705042]]), 'r': array([ 2.66795721e+06, -1.76210969e+02,  2.66826850e+06]), 'qtf': array([ 968.15542915, -547.7920524 ]), 'fvec': array([-1075.71471713,   283.26474365])}",1
-7.5,0.0001257,[-27.24137931 215.78947368],1058.3638287935928,1,The solution converged.,"{'nfev': 4, 'fjac': array([[-0.35650228,  0.93429445],
       [-0.93429445, -0.35650228]]), 'r': array([2.80479596e+06, 2.76699804e+02, 2.80448610e+06]), 'qtf': array([-789.40801896,  704.96026391]), 'fvec': array([-377.21470346, -988.85947515])}",1
-7.5,0.0001028,[-25.17241379 215.78947368],1719.273203576038,1,The solution converged.,"{'nfev': 4, 'fjac': array([[-0.99459775,  0.10380426],
       [-0.10380426, -0.99459775]]), 'r': array([1.72628568e+06, 1.98284112e+01, 1.72638047e+06]), 'qtf': array([1682.21855591,  355.02264532]), 'fvec': array([-1709.98364713,  -178.48326273])}",1
-7.5,-3.425e-05,[-23.10344828 215.78947368],658.7622964876518,1,The solution converged.,"{'nfev': 4, 'fjac': array([[-0.97047404, -0.24120559],
       [ 0.24120559, -0.97047404]]), 'r': array([ 4.50412792e+06, -8.05848686e+02,  4.50564837e+06]), 'qtf': array([ 582.05362653, -308.51473079]), 'fvec': array([-639.28341286,  159.01094715])}",1
-7.5,-0.0003812,[-21.03448276 215.78947368],1556.5924861075696,1,The solution converged.,"{'nfev': 4, 'fjac': array([[-0.82381704, -0.56685578],
       [ 0.56685578, -0.82381704]]), 'r': array([ 1.90677569e+06, -1.21902083e+02,  1.90682230e+06]), 'qtf': array([  556.16787032, -1453.84231188]), 'fvec': array([-1282.2994939 ,   882.43309988])}",1
-7.5,-0.0002797,[-50.         221.05263158],1538.9947629041387,1,The solution converged.,"{'nfev': 4, 'fjac': array([[-0.92549833, -0.3787517 ],
       [ 0.3787517 , -0.92549833]]), 'r': array([ 1.92852290e+06, -9.46014663e+01,  1.92861921e+06]), 'qtf': array([ 1097.40304917, -1078.98629645]), 'fvec': array([-1424.31257627,   582.95674396])}",1
-7.5,5.396e-05,[-47.93103448 221.05263158],908.238216702801,1,The solution converged.,"{'nfev': 4, 'fjac': array([[-0.98020287,  0.19799578],
       [-0.19799578, -0.98020287]]), 'r': array([3.26742121e+06, 2.55204455e+02, 3.26802645e+06]), 'qtf': array([837.00108229, 352.59870467]), 'fvec': array([-890.24392005, -179.89558388])}",1
-7.5,0.0001051,[-45.86206897 221.05263158],955.5297566809105,1,The solution converged.,"{'nfev': 4, 'fjac': array([[-0.36747643,  0.93003284],
       [-0.93003284, -0.36747643]]), 'r': array([3.10671463e+06, 3.85808352e+02, 3.10630260e+06]), 'qtf': array([-697.54170898,  653.04875786]), 'fvec': array([-351.02665304, -888.71671795])}",1
-7.5,-0.0004482,[-43.79310345 221.05263158],1635.9834441739345,1,The solution converged.,"{'nfev': 4, 'fjac': array([[-0.74475446, -0.6673386 ],
       [ 0.6673386 , -0.74475446]]), 'r': array([ 1.81428024e+06, -1.11786307e+02,  1.81429251e+06]), 'qtf': array([  178.76130265, -1626.18763563]), 'fvec': array([-1218.35104987,  1091.81616991])}",1
-7.5,1.992e-05,[-41.72413793 221.05263158],1510.4997189068106,1,The solution converged.,"{'nfev': 4, 'fjac': array([[-0.999664  ,  0.02592089],
       [-0.02592089, -0.999664  ]]), 'r': array([1.96485438e+06, 7.61732341e+00, 1.96499703e+06]), 'qtf': array([1508.46967696,   78.28559589]), 'fvec': array([-1509.99205922,   -39.15842051])}",1
-7.5,0.000362,[-47.93103448 200.        ],1676.809307382789,1,The solution converged.,"{'nfev': 4, 'fjac': array([[-0.42137333,  0.90688727],
       [-0.90688727, -0.42137333]]), 'r': array([1.77020245e+06, 7.98074174e+01, 1.77013510e+06]), 'qtf': array([-1081.40200663,  1281.50659513]), 'fvec': array([ -706.50804395, -1520.70241571])}",1
-7.5,-8.5e-05,[-43.79310345 215.78947368],961.0979595021217,1,The solution converged.,"{'nfev': 4, 'fjac': array([[-0.95856775, -0.28486465],
       [ 0.28486465, -0.95856775]]), 'r': array([ 3.08782273e+06, -3.02571695e+02,  3.08828704e+06]), 'qtf': array([ 805.06552239, -524.95599094]), 'fvec': array([-921.25124984,  273.87117852])}",1
-7.5,5.565e-05,[-41.72413793 215.78947368],1187.6230563108973,1,The solution converged.,"{'nfev': 4, 'fjac': array([[-0.99302488,  0.11790497],
       [-0.11790497, -0.99302488]]), 'r': array([2.49894072e+06, 6.85156716e+01, 2.49922637e+06]), 'qtf': array([1154.59611304,  278.13007681]), 'fvec': array([-1179.33558786,  -140.05747066])}",1
-7.5,-1.867e-05,[-50.         215.78947368],354.2390020166145,1,The solution converged.,"{'nfev': 4, 'fjac': array([[-0.51637195, -0.85636441],
       [ 0.85636441, -0.51637195]]), 'r': array([8384147.94507656,   -9800.86956345, 8378961.24295338]), 'qtf': array([-165.69662157, -313.09726947]), 'fvec': array([-182.56427185,  303.5713379 ])}",1
-7.5,-0.0002546,[-27.24137931 210.52631579],1549.4648748375323,1,The solution converged.,"{'nfev': 4, 'fjac': array([[-0.94258906, -0.33395487],
       [ 0.33395487, -0.94258906]]), 'r': array([ 1.91548285e+06, -8.33707843e+01,  1.91558565e+06]), 'qtf': array([1203.8179305 , -975.53256663]), 'fvec': array([-1460.48946816,   517.50547025])}",1
-7.5,-0.0003142,[-45.86206897 210.52631579],1663.7658489442344,1,The solution converged.,"{'nfev': 4, 'fjac': array([[-0.3613349 , -0.93243611],
       [ 0.93243611, -0.3613349 ]]), 'r': array([ 1.78409322e+06, -7.21254925e+01,  1.78401421e+06]), 'qtf': array([-1229.35001902, -1121.07775415]), 'fvec': array([-601.12631165, 1551.37486042])}",1
-7.5,5.395e-05,[-43.79310345 210.52631579],1487.1011257598038,1,The solution converged.,"{'nfev': 4, 'fjac': array([[-0.99736172,  0.07259196],
       [-0.07259196, -0.99736172]]), 'r': array([1.99576767e+06, 2.18500855e+01, 1.99591577e+06]), 'qtf': array([1471.42624748,  215.34752486]), 'fvec': array([-1483.17671668,  -107.96566735])}",1
-7.5,0.0001306,[-41.72413793 210.52631579],1045.728310993192,1,The solution converged.,"{'nfev': 4, 'fjac': array([[-0.92344141,  0.38373945],
       [-0.38373945, -0.92344141]]), 'r': array([2.83804971e+06, 3.05045651e+02, 2.83835333e+06]), 'qtf': array([737.67163208, 741.20730139]), 'fvec': array([-965.62701213, -401.38780981])}",1
-7.5,-0.0003605,[-39.65517241 210.52631579],1718.969272237282,1,The solution converged.,"{'nfev': 4, 'fjac': array([[-0.39402746, -0.91909867],
       [ 0.91909867, -0.39402746]]), 'r': array([ 1.72678872e+06, -7.01736830e+01,  1.72672190e+06]), 'qtf': array([-1185.24234768, -1245.0124241 ]), 'fvec': array([-677.2712242 , 1579.92374745])}",1
-7.5,-0.0001643,[-37.5862069  210.52631579],1177.6701929576934,1,The solution converged.,"{'nfev': 4, 'fjac': array([[-0.92499648, -0.37997568],
       [ 0.37997568, -0.92499648]]), 'r': array([ 2.52013796e+06, -2.11710455e+02,  2.52035225e+06]), 'qtf': array([ 837.53641848, -827.91293691]), 'fvec': array([-1089.30501723,   447.57308098])}",1
-7.5,-2.198e-05,[-35.51724138 210.52631579],1334.8472005917686,1,The solution converged.,"{'nfev': 4, 'fjac': array([[-0.99932857, -0.03663885],
       [ 0.03663885, -0.99932857]]), 'r': array([ 2.22336933e+06, -1.56129593e+01,  2.22357564e+06]), 'qtf': array([1331.26277638,  -97.7571949 ]), 'fvec': array([-1333.95064043,    48.91561935])}",1
-7.5,-1.163e-05,[-33.44827586 210.52631579],1251.44575707586,1,The solution converged.,"{'nfev': 4, 'fjac': array([[-0.99975719, -0.02203537],
       [ 0.02203537, -0.99975719]]), 'r': array([ 2.37151503e+06, -1.03890677e+01,  2.37176592e+06]), 'qtf': array([1250.23021868,  -55.14420368]), 'fvec': array([-1251.14177528,    27.58153459])}",1
-7.5,0.0002691,[-29.31034483 210.52631579],1265.2392473631814,1,The solution converged.,"{'nfev': 4, 'fjac': array([[-0.73065643,  0.68274532],
       [-0.68274532, -0.73065643]]), 'r': array([2.34590733e+06, 2.42431610e+02, 2.34592377e+06]), 'qtf': array([  85.55711001, 1262.34319184]), 'fvec': array([-924.37176178, -863.92545922])}",1
-7.5,0.0003107,[-12.75862069 300.        ],1527.9218196696759,1,The solution converged.,"{'nfev': 4, 'fjac': array([[-0.43999948,  0.89799803],
       [-0.89799803, -0.43999948]]), 'r': array([1.94270638e+06, 1.09006693e+02, 1.94262178e+06]), 'qtf': array([-936.37021103, 1207.37563124]), 'fvec': array([ -672.21852447, -1372.103255  ])}",1
-7.5,1.587e-06,[-21.03448276 210.52631579],221.788853315847,1,The solution converged.,"{'nfev': 4, 'fjac': array([[-0.99542559,  0.09554001],
       [-0.09554001, -0.99542559]]), 'r': array([1.33387923e+07, 8.55486735e+03, 1.33827957e+07]), 'qtf': array([217.71291446,  42.32472486]), 'fvec': array([-220.76071111,  -21.33082005])}",1
-7.5,0.0003121,[-10.68965517 210.52631579],1475.1788867369453,1,The solution converged.,"{'nfev': 4, 'fjac': array([[-0.48764461,  0.87304223],
       [-0.87304223, -0.48764461]]), 'r': array([2.01215544e+06, 1.30549074e+02, 2.01207498e+06]), 'qtf': array([-773.66349998, 1256.02449684]), 'fvec': array([ -719.2895876 , -1287.93448476])}",1
-7.5,-0.0004477,[-25.17241379 210.52631579],1676.2318074258897,1,The solution converged.,"{'nfev': 4, 'fjac': array([[-0.81382274, -0.58111319],
       [ 0.58111319, -0.81382274]]), 'r': array([ 1.77069055e+06, -9.88145309e+01,  1.77072444e+06]), 'qtf': array([  544.05923258, -1585.48182698]), 'fvec': array([-1364.11218398,   974.14117136])}",1
-7.5,-8.466e-05,[-23.10344828 210.52631579],799.4919789046583,1,The solution converged.,"{'nfev': 4, 'fjac': array([[-0.43728305, -0.89932393],
       [ 0.89932393, -0.43728305]]), 'r': array([ 3.71315421e+06, -7.57792961e+02,  3.71255891e+06]), 'qtf': array([-493.86692274, -628.715267  ]), 'fvec': array([-349.45905265,  719.07287173])}",1
-7.501,0.0003884,[-43.79310345 205.26315789],2031.5713324126696,1,The solution converged.,"{'nfev': 4, 'fjac': array([[-0.29203079,  0.95640892],
       [-0.95640892, -0.29203079]]), 'r': array([1.46108495e+06, 3.28257828e+01, 1.46103624e+06]), 'qtf': array([-1685.07282856,  1134.81788897]), 'fvec': array([ -593.25679138, -1943.02044718])}",1
-7.501,-0.0004287,[-41.72413793 205.26315789],1978.855439155381,1,The solution converged.,"{'nfev': 4, 'fjac': array([[-0.34642569, -0.93807742],
       [ 0.93807742, -0.34642569]]), 'r': array([ 1.50000307e+06, -4.12756293e+01,  1.49995477e+06]), 'qtf': array([-1503.90906796, -1286.12844008]), 'fvec': array([-685.49531365, 1856.33106531])}",1
-13.78,292.2,[-18.96551724 289.47368421],6.349503510277641e-06,1,The solution converged.,"{'nfev': 4, 'fjac': array([[-0.7185364 ,  0.69548935],
       [-0.69548935, -0.7185364 ]]), 'r': array([ 3.34109454e+08, -2.25717347e+02,  3.34109490e+08]), 'qtf': array([-4.86949180e-07,  6.33080369e-06]), 'fvec': array([-4.05311584e-06, -4.88758087e-06])}",32
-13.95,267.1,[-16.89655172 263.15789474],7.61892452007016e-07,1,The solution converged.,"{'nfev': 4, 'fjac': array([[-0.06518758,  0.99787303],
       [-0.99787303, -0.06518758]]), 'r': array([ 1.48857615e+08, -9.28737369e+01,  1.48857628e+08]), 'qtf': array([ 6.99015156e-08, -7.58679041e-07]), 'fvec': array([7.5250864e-07, 1.1920929e-07])}",34
-14.13,242.0,[-16.89655172 236.84210526],3.816559456248789e-07,1,The solution converged.,"{'nfev': 4, 'fjac': array([[-0.6463139 , -0.76307165],
       [ 0.76307165, -0.6463139 ]]), 'r': array([-6.37141311e+07,  3.63093818e+01, -6.37141373e+07]), 'qtf': array([-1.06860918e-08,  3.81506315e-07]), 'fvec': array([ 2.98023224e-07, -2.38418579e-07])}",35
-14.34,216.9,[-14.82758621 210.52631579],1.6298145055770874e-07,1,The solution converged.,"{'nfev': 4, 'fjac': array([[-0.9975484 , -0.06997991],
       [ 0.06997991, -0.9975484 ]]), 'r': array([-2.59846828e+07,  1.34040003e+01, -2.59846851e+07]), 'qtf': array([-1.14054273e-08, -1.62581885e-07]), 'fvec': array([0.00000000e+00, 1.62981451e-07])}",32
-14.62,191.8,[  3.79310345 200.        ],3.204615886152769e-08,1,The solution converged.,"{'nfev': 4, 'fjac': array([[-0.7295857,  0.6838894],
       [-0.6838894, -0.7295857]]), 'r': array([-9.86731438e+06,  4.61243899e+00, -9.86731512e+06]), 'qtf': array([-6.28699694e-09, -3.14233984e-08]), 'fvec': array([2.60770321e-08, 1.86264515e-08])}",4
-14.62,-191.8,[ -14.61772385 -191.82114039],3.204615886152769e-08,1,The solution converged.,"{'nfev': 4, 'fjac': array([[-0.7295857, -0.6838894],
       [ 0.6838894, -0.7295857]]), 'r': array([-9.86731438e+06,  4.39324423e+00, -9.86731296e+06]), 'qtf': array([-6.28699694e-09,  3.14233984e-08]), 'fvec': array([ 2.60770321e-08, -1.86264515e-08])}",4
-21.03,289.5,[-21.03448276 289.47368421],876225194.5743903,1,The solution converged.,"{'nfev': 10, 'fjac': array([[-0.53966989,  0.84187672],
       [-0.84187672, -0.53966989]]), 'r': array([-2.02951692e+34, -1.08666135e+34,  0.00000000e+00]), 'qtf': array([-7.71391743e+08, -4.15602419e+08]), 'fvec': array([ 7.66182898e+08, -4.25128638e+08])}",1
-36.54,-125.7,[ -36.53835032 -125.66355991],1.4951524149598797e-09,1,The solution converged.,"{'nfev': 4, 'fjac': array([[-9.99999928e-01,  3.79921050e-04],
       [-3.79921050e-04, -9.99999928e-01]]), 'r': array([-5.61904534e+04,  2.64746734e-03, -5.61904483e+04]), 'qtf': array([ 1.38173956e-09, -5.71206196e-10]), 'fvec': array([-1.38152245e-09,  5.71731107e-10])}",15
-36.54,125.7,[-16.89655172 200.        ],1.4951524149598797e-09,1,The solution converged.,"{'nfev': 4, 'fjac': array([[-9.99999928e-01, -3.79921050e-04],
       [ 3.79921050e-04, -9.99999928e-01]]), 'r': array([-5.61904534e+04, -5.63787913e-04, -5.61904547e+04]), 'qtf': array([1.38173956e-09, 5.71206196e-10]), 'fvec': array([-1.38152245e-09, -5.71731107e-10])}",15
-135.2,-188.5,[-135.15287924 -188.49555918],2.2286416704452127e-09,1,The solution converged.,"{'nfev': 4, 'fjac': array([[-1.00000000e+00, -5.97288332e-08],
       [ 5.97288332e-08, -1.00000000e+00]]), 'r': array([-5.50661648e+04, -1.16230976e-03, -5.50661615e+04]), 'qtf': array([2.22828568e-09, 3.98326021e-11]), 'fvec': array([-2.22828567e-09, -3.98327352e-11])}",248
-135.2,188.5,[-14.82758621 205.26315789],2.2286416704452127e-09,1,The solution converged.,"{'nfev': 4, 'fjac': array([[-1.00000000e+00,  5.97288332e-08],
       [-5.97288332e-08, -1.00000000e+00]]), 'r': array([-5.50661648e+04,  4.56137908e-03, -5.50661677e+04]), 'qtf': array([ 2.22828568e-09, -3.98326021e-11]), 'fvec': array([-2.22828567e-09,  3.98327352e-11])}",248
